id,zip_code,created_at,updated_at
1,1206,2021-09-20 10:21:50,2021-09-20 10:21:50
2,1350,2021-09-20 10:21:50,2021-09-20 10:21:50
3,1351,2021-09-20 10:21:50,2021-09-20 10:21:50
4,1209,2021-09-20 10:21:50,2021-09-20 10:21:50
5,1213,2021-09-20 10:21:50,2021-09-20 10:21:50
6,1212,2021-09-20 10:21:50,2021-09-20 10:21:50
7,1212,2021-09-20 10:21:50,2021-09-20 10:21:50
8,1232,2021-09-20 10:21:50,2021-09-20 10:21:50
9,1330,2021-09-20 10:21:50,2021-09-20 10:21:50
10,1331,2021-09-20 10:21:50,2021-09-20 10:21:50
11,1332,2021-09-20 10:21:50,2021-09-20 10:21:50
12,1331,2021-09-20 10:21:50,2021-09-20 10:21:50
13,1312,2021-09-20 10:21:50,2021-09-20 10:21:50
14,1311,2021-09-20 10:21:50,2021-09-20 10:21:50
15,1313,2021-09-20 10:21:50,2021-09-20 10:21:50
16,1310,2021-09-20 10:21:50,2021-09-20 10:21:50
17,1219,2021-09-20 10:21:50,2021-09-20 10:21:50
18,1229,2021-09-20 10:21:50,2021-09-20 10:21:50
19,1211,2021-09-20 10:21:50,2021-09-20 10:21:50
20,1216,2021-09-20 10:21:50,2021-09-20 10:21:50
21,1207,2021-09-20 10:21:50,2021-09-20 10:21:50
22,1225,2021-09-20 10:21:50,2021-09-20 10:21:50
23,1222,2021-09-20 10:21:50,2021-09-20 10:21:50
24,1223,2021-09-20 10:21:50,2021-09-20 10:21:50
25,1323,2021-09-20 10:21:50,2021-09-20 10:21:50
26,1325,2021-09-20 10:21:50,2021-09-20 10:21:50
27,1322,2021-09-20 10:21:50,2021-09-20 10:21:50
28,1321,2021-09-20 10:21:50,2021-09-20 10:21:50
29,1324,2021-09-20 10:21:50,2021-09-20 10:21:50
30,1320,2021-09-20 10:21:50,2021-09-20 10:21:50
31,1205,2021-09-20 10:21:50,2021-09-20 10:21:50
32,1000,2021-09-20 10:21:50,2021-09-20 10:21:50
33,1217,2021-09-20 10:21:50,2021-09-20 10:21:50
34,1214,2021-09-20 10:21:50,2021-09-20 10:21:50
35,1348,2021-09-20 10:21:50,2021-09-20 10:21:50
36,1341,2021-09-20 10:21:50,2021-09-20 10:21:50
37,1349,2021-09-20 10:21:50,2021-09-20 10:21:50
38,1342,2021-09-20 10:21:50,2021-09-20 10:21:50
39,1346,2021-09-20 10:21:50,2021-09-20 10:21:50
40,1347,2021-09-20 10:21:50,2021-09-20 10:21:50
41,1340,2021-09-20 10:21:50,2021-09-20 10:21:50
42,1344,2021-09-20 10:21:50,2021-09-20 10:21:50
43,1343,2021-09-20 10:21:50,2021-09-20 10:21:50
44,1345,2021-09-20 10:21:50,2021-09-20 10:21:50
45,1100,2021-09-20 10:21:50,2021-09-20 10:21:50
46,1204,2021-09-20 10:21:50,2021-09-20 10:21:50
47,1203,2021-09-20 10:21:50,2021-09-20 10:21:50
48,1215,2021-09-20 10:21:50,2021-09-20 10:21:50
49,1208,2021-09-20 10:21:50,2021-09-20 10:21:50
50,1230,2021-09-20 10:21:50,2021-09-20 10:21:50
51,7870,2021-09-20 10:21:50,2021-09-20 10:21:50
52,7830,2021-09-20 10:21:50,2021-09-20 10:21:50
53,7860,2021-09-20 10:21:50,2021-09-20 10:21:50
54,7861,2021-09-20 10:21:50,2021-09-20 10:21:50
55,7810,2021-09-20 10:21:50,2021-09-20 10:21:50
56,7802,2021-09-20 10:21:50,2021-09-20 10:21:50
57,7803,2021-09-20 10:21:50,2021-09-20 10:21:50
58,7800,2021-09-20 10:21:50,2021-09-20 10:21:50
59,7801,2021-09-20 10:21:50,2021-09-20 10:21:50
60,7851,2021-09-20 10:21:50,2021-09-20 10:21:50
61,7850,2021-09-20 10:21:50,2021-09-20 10:21:50
62,7840,2021-09-20 10:21:50,2021-09-20 10:21:50
63,7841,2021-09-20 10:21:50,2021-09-20 10:21:50
64,7822,2021-09-20 10:21:50,2021-09-20 10:21:50
65,7821,2021-09-20 10:21:50,2021-09-20 10:21:50
66,7820,2021-09-20 10:21:50,2021-09-20 10:21:50
67,7804,2021-09-20 10:21:50,2021-09-20 10:21:50
68,1703,2021-09-20 10:21:50,2021-09-20 10:21:50
69,1701,2021-09-20 10:21:50,2021-09-20 10:21:50
70,1702,2021-09-20 10:21:50,2021-09-20 10:21:50
71,1700,2021-09-20 10:21:50,2021-09-20 10:21:50
72,1704,2021-09-20 10:21:50,2021-09-20 10:21:50
73,1750,2021-09-20 10:21:50,2021-09-20 10:21:50
74,1346,2021-09-20 10:21:50,2021-09-20 10:21:50
75,1751,2021-09-20 10:21:50,2021-09-20 10:21:50
76,1720,2021-09-20 10:21:50,2021-09-20 10:21:50
77,1721,2021-09-20 10:21:50,2021-09-20 10:21:50
78,1722,2021-09-20 10:21:50,2021-09-20 10:21:50
79,1723,2021-09-20 10:21:50,2021-09-20 10:21:50
80,1730,2021-09-20 10:21:50,2021-09-20 10:21:50
81,1712,2021-09-20 10:21:50,2021-09-20 10:21:50
82,1710,2021-09-20 10:21:50,2021-09-20 10:21:50
83,1711,2021-09-20 10:21:50,2021-09-20 10:21:50
84,1743,2021-09-20 10:21:50,2021-09-20 10:21:50
85,1747,2021-09-20 10:21:50,2021-09-20 10:21:50
86,1748,2021-09-20 10:21:50,2021-09-20 10:21:50
87,1745,2021-09-20 10:21:50,2021-09-20 10:21:50
88,1744,2021-09-20 10:21:50,2021-09-20 10:21:50
89,1740,2021-09-20 10:21:50,2021-09-20 10:21:50
90,1740,2021-09-20 10:21:50,2021-09-20 10:21:50
91,1740,2021-09-20 10:21:50,2021-09-20 10:21:50
92,1741,2021-09-20 10:21:50,2021-09-20 10:21:50
93,1742,2021-09-20 10:21:50,2021-09-20 10:21:50
94,8102,2021-09-20 10:21:50,2021-09-20 10:21:50
95,8013,2021-09-20 10:21:50,2021-09-20 10:21:50
96,8100,2021-09-20 10:21:50,2021-09-20 10:21:50
97,8101,2021-09-20 10:21:50,2021-09-20 10:21:50
98,8133,2021-09-20 10:21:50,2021-09-20 10:21:50
99,8130,2021-09-20 10:21:50,2021-09-20 10:21:50
100,8131,2021-09-20 10:21:50,2021-09-20 10:21:50
101,8132,2021-09-20 10:21:50,2021-09-20 10:21:50
102,8110,2021-09-20 10:21:50,2021-09-20 10:21:50
103,8141,2021-09-20 10:21:50,2021-09-20 10:21:50
104,8142,2021-09-20 10:21:50,2021-09-20 10:21:50
105,8140,2021-09-20 10:21:50,2021-09-20 10:21:50
106,8121,2021-09-20 10:21:50,2021-09-20 10:21:50
107,8120,2021-09-20 10:21:50,2021-09-20 10:21:50
108,2336,2021-09-20 10:21:50,2021-09-20 10:21:50
109,2338,2021-09-20 10:21:50,2021-09-20 10:21:50
110,2337,2021-09-20 10:21:50,2021-09-20 10:21:50
111,2350,2021-09-20 10:21:50,2021-09-20 10:21:50
112,2320,2021-09-20 10:21:50,2021-09-20 10:21:50
113,2390,2021-09-20 10:21:50,2021-09-20 10:21:50
114,2310,2021-09-20 10:21:50,2021-09-20 10:21:50
115,2331,2021-09-20 10:21:50,2021-09-20 10:21:50
116,2330,2021-09-20 10:21:50,2021-09-20 10:21:50
117,2301,2021-09-20 10:21:50,2021-09-20 10:21:50
118,2300,2021-09-20 10:21:50,2021-09-20 10:21:50
119,2302,2021-09-20 10:21:50,2021-09-20 10:21:50
120,2303,2021-09-20 10:21:50,2021-09-20 10:21:50
121,2341,2021-09-20 10:21:50,2021-09-20 10:21:50
122,2340,2021-09-20 10:21:50,2021-09-20 10:21:50
123,2371,2021-09-20 10:21:50,2021-09-20 10:21:50
124,2370,2021-09-20 10:21:50,2021-09-20 10:21:50
125,2360,2021-09-20 10:21:50,2021-09-20 10:21:50
126,2380,2021-09-20 10:21:50,2021-09-20 10:21:50
127,2326,2021-09-20 10:21:50,2021-09-20 10:21:50
128,2316,2021-09-20 10:21:50,2021-09-20 10:21:50
129,7932,2021-09-20 10:21:50,2021-09-20 10:21:50
130,7930,2021-09-20 10:21:50,2021-09-20 10:21:50
131,7931,2021-09-20 10:21:50,2021-09-20 10:21:50
132,7933,2021-09-20 10:21:50,2021-09-20 10:21:50
133,7920,2021-09-20 10:21:50,2021-09-20 10:21:50
134,7921,2021-09-20 10:21:50,2021-09-20 10:21:50
135,7901,2021-09-20 10:21:50,2021-09-20 10:21:50
136,7903,2021-09-20 10:21:50,2021-09-20 10:21:50
137,7902,2021-09-20 10:21:50,2021-09-20 10:21:50
138,7900,2021-09-20 10:21:50,2021-09-20 10:21:50
139,7904,2021-09-20 10:21:50,2021-09-20 10:21:50
140,7911,2021-09-20 10:21:50,2021-09-20 10:21:50
141,7910,2021-09-20 10:21:50,2021-09-20 10:21:50
142,1860,2021-09-20 10:21:50,2021-09-20 10:21:50
143,1840,2021-09-20 10:21:50,2021-09-20 10:21:50
144,1831,2021-09-20 10:21:50,2021-09-20 10:21:50
145,1830,2021-09-20 10:21:50,2021-09-20 10:21:50
146,1804,2021-09-20 10:21:50,2021-09-20 10:21:50
147,1802,2021-09-20 10:21:50,2021-09-20 10:21:50
148,1803,2021-09-20 10:21:50,2021-09-20 10:21:50
149,1801,2021-09-20 10:21:50,2021-09-20 10:21:50
150,1800,2021-09-20 10:21:50,2021-09-20 10:21:50
151,1811,2021-09-20 10:21:50,2021-09-20 10:21:50
152,1810,2021-09-20 10:21:50,2021-09-20 10:21:50
153,1851,2021-09-20 10:21:50,2021-09-20 10:21:50
154,1850,2021-09-20 10:21:50,2021-09-20 10:21:50
155,1852,2021-09-20 10:21:50,2021-09-20 10:21:50
156,1853,2021-09-20 10:21:50,2021-09-20 10:21:50
157,1821,2021-09-20 10:21:50,2021-09-20 10:21:50
158,1822,2021-09-20 10:21:50,2021-09-20 10:21:50
159,1820,2021-09-20 10:21:50,2021-09-20 10:21:50
160,1510,2021-09-20 10:21:50,2021-09-20 10:21:50
161,1511,2021-09-20 10:21:50,2021-09-20 10:21:50
162,1512,2021-09-20 10:21:50,2021-09-20 10:21:50
163,1334,2021-09-20 10:21:50,2021-09-20 10:21:50
164,1534,2021-09-20 10:21:50,2021-09-20 10:21:50
165,1532,2021-09-20 10:21:50,2021-09-20 10:21:50
166,1333,2021-09-20 10:21:50,2021-09-20 10:21:50
167,1533,2021-09-20 10:21:50,2021-09-20 10:21:50
168,1531,2021-09-20 10:21:50,2021-09-20 10:21:50
169,1530,2021-09-20 10:21:50,2021-09-20 10:21:50
170,1335,2021-09-20 10:21:50,2021-09-20 10:21:50
171,1535,2021-09-20 10:21:50,2021-09-20 10:21:50
172,1503,2021-09-20 10:21:50,2021-09-20 10:21:50
173,1502,2021-09-20 10:21:50,2021-09-20 10:21:50
174,1500,2021-09-20 10:21:50,2021-09-20 10:21:50
175,1501,2021-09-20 10:21:50,2021-09-20 10:21:50
176,1542,2021-09-20 10:21:50,2021-09-20 10:21:50
177,1541,2021-09-20 10:21:50,2021-09-20 10:21:50
178,1543,2021-09-20 10:21:50,2021-09-20 10:21:50
179,1544,2021-09-20 10:21:50,2021-09-20 10:21:50
180,1540,2021-09-20 10:21:50,2021-09-20 10:21:50
181,1557,2021-09-20 10:21:50,2021-09-20 10:21:50
182,1551,2021-09-20 10:21:50,2021-09-20 10:21:50
183,1558,2021-09-20 10:21:50,2021-09-20 10:21:50
184,1553,2021-09-20 10:21:50,2021-09-20 10:21:50
185,1554,2021-09-20 10:21:50,2021-09-20 10:21:50
186,1555,2021-09-20 10:21:50,2021-09-20 10:21:50
187,1552,2021-09-20 10:21:50,2021-09-20 10:21:50
188,1550,2021-09-20 10:21:50,2021-09-20 10:21:50
189,1556,2021-09-20 10:21:50,2021-09-20 10:21:50
190,1523,2021-09-20 10:21:50,2021-09-20 10:21:50
191,1522,2021-09-20 10:21:50,2021-09-20 10:21:50
192,1521,2021-09-20 10:21:50,2021-09-20 10:21:50
193,1525,2021-09-20 10:21:50,2021-09-20 10:21:50
194,1524,2021-09-20 10:21:50,2021-09-20 10:21:50
195,1527,2021-09-20 10:21:50,2021-09-20 10:21:50
196,1526,2021-09-20 10:21:50,2021-09-20 10:21:50
197,1520,2021-09-20 10:21:50,2021-09-20 10:21:50
198,1450,2021-09-20 10:21:50,2021-09-20 10:21:50
199,1460,2021-09-20 10:21:50,2021-09-20 10:21:50
200,1451,2021-09-20 10:21:50,2021-09-20 10:21:50
201,1440,2021-09-20 10:21:50,2021-09-20 10:21:50
202,1441,2021-09-20 10:21:50,2021-09-20 10:21:50
203,1442,2021-09-20 10:21:50,2021-09-20 10:21:50
204,1410,2021-09-20 10:21:50,2021-09-20 10:21:50
205,1413,2021-09-20 10:21:50,2021-09-20 10:21:50
206,1411,2021-09-20 10:21:50,2021-09-20 10:21:50
207,1414,2021-09-20 10:21:50,2021-09-20 10:21:50
208,1412,2021-09-20 10:21:50,2021-09-20 10:21:50
209,1421,2021-09-20 10:21:50,2021-09-20 10:21:50
210,1420,2021-09-20 10:21:50,2021-09-20 10:21:50
211,1400,2021-09-20 10:21:50,2021-09-20 10:21:50
212,1462,2021-09-20 10:21:50,2021-09-20 10:21:50
213,1461,2021-09-20 10:21:50,2021-09-20 10:21:50
214,1464,2021-09-20 10:21:50,2021-09-20 10:21:50
215,1463,2021-09-20 10:21:50,2021-09-20 10:21:50
216,1460,2021-09-20 10:21:50,2021-09-20 10:21:50
217,1431,2021-09-20 10:21:50,2021-09-20 10:21:50
218,1432,2021-09-20 10:21:50,2021-09-20 10:21:50
219,1430,2021-09-20 10:21:50,2021-09-20 10:21:50
220,1640,2021-09-20 10:21:50,2021-09-20 10:21:50
221,1651,2021-09-20 10:21:50,2021-09-20 10:21:50
222,1652,2021-09-20 10:21:50,2021-09-20 10:21:50
223,1650,2021-09-20 10:21:50,2021-09-20 10:21:50
224,1605,2021-09-20 10:21:50,2021-09-20 10:21:50
225,1604,2021-09-20 10:21:50,2021-09-20 10:21:50
226,1602,2021-09-20 10:21:50,2021-09-20 10:21:50
227,1600,2021-09-20 10:21:50,2021-09-20 10:21:50
228,1603,2021-09-20 10:21:50,2021-09-20 10:21:50
229,1601,2021-09-20 10:21:50,2021-09-20 10:21:50
230,1612,2021-09-20 10:21:50,2021-09-20 10:21:50
231,1613,2021-09-20 10:21:50,2021-09-20 10:21:50
232,1611,2021-09-20 10:21:50,2021-09-20 10:21:50
233,1610,2021-09-20 10:21:50,2021-09-20 10:21:50
234,1631,2021-09-20 10:21:50,2021-09-20 10:21:50
235,1632,2021-09-20 10:21:50,2021-09-20 10:21:50
236,1630,2021-09-20 10:21:50,2021-09-20 10:21:50
237,1620,2021-09-20 10:21:50,2021-09-20 10:21:50
238,7730,2021-09-20 10:21:50,2021-09-20 10:21:50
239,7731,2021-09-20 10:21:50,2021-09-20 10:21:50
240,7723,2021-09-20 10:21:50,2021-09-20 10:21:50
241,7720,2021-09-20 10:21:50,2021-09-20 10:21:50
242,7721,2021-09-20 10:21:50,2021-09-20 10:21:50
243,7722,2021-09-20 10:21:50,2021-09-20 10:21:50
244,7710,2021-09-20 10:21:50,2021-09-20 10:21:50
245,7711,2021-09-20 10:21:50,2021-09-20 10:21:50
246,7700,2021-09-20 10:21:50,2021-09-20 10:21:50
247,8030,2021-09-20 10:21:50,2021-09-20 10:21:50
248,8040,2021-09-20 10:21:50,2021-09-20 10:21:50
249,8050,2021-09-20 10:21:50,2021-09-20 10:21:50
250,8010,2021-09-20 10:21:50,2021-09-20 10:21:50
251,8021,2021-09-20 10:21:50,2021-09-20 10:21:50
252,8022,2021-09-20 10:21:50,2021-09-20 10:21:50
253,8024,2021-09-20 10:21:50,2021-09-20 10:21:50
254,8020,2021-09-20 10:21:50,2021-09-20 10:21:50
255,8023,2021-09-20 10:21:50,2021-09-20 10:21:50
256,8001,2021-09-20 10:21:50,2021-09-20 10:21:50
257,8002,2021-09-20 10:21:50,2021-09-20 10:21:50
258,8000,2021-09-20 10:21:50,2021-09-20 10:21:50
259,1920,2021-09-20 10:21:50,2021-09-20 10:21:50
260,1960,2021-09-20 10:21:50,2021-09-20 10:21:50
261,1910,2021-09-20 10:21:50,2021-09-20 10:21:50
262,1913,2021-09-20 10:21:50,2021-09-20 10:21:50
263,1914,2021-09-20 10:21:50,2021-09-20 10:21:50
264,1911,2021-09-20 10:21:50,2021-09-20 10:21:50
265,1915,2021-09-20 10:21:50,2021-09-20 10:21:50
266,1912,2021-09-20 10:21:50,2021-09-20 10:21:50
267,1982,2021-09-20 10:21:50,2021-09-20 10:21:50
268,1983,2021-09-20 10:21:50,2021-09-20 10:21:50
269,1980,2021-09-20 10:21:50,2021-09-20 10:21:50
270,1984,2021-09-20 10:21:50,2021-09-20 10:21:50
271,1981,2021-09-20 10:21:50,2021-09-20 10:21:50
272,1990,2021-09-20 10:21:50,2021-09-20 10:21:50
273,1992,2021-09-20 10:21:50,2021-09-20 10:21:50
274,1991,2021-09-20 10:21:50,2021-09-20 10:21:50
275,1991,2021-09-20 10:21:50,2021-09-20 10:21:50
276,1973,2021-09-20 10:21:50,2021-09-20 10:21:50
277,1974,2021-09-20 10:21:50,2021-09-20 10:21:50
278,1970,2021-09-20 10:21:50,2021-09-20 10:21:50
279,1977,2021-09-20 10:21:50,2021-09-20 10:21:50
280,1976,2021-09-20 10:21:50,2021-09-20 10:21:50
281,1972,2021-09-20 10:21:50,2021-09-20 10:21:50
282,1975,2021-09-20 10:21:50,2021-09-20 10:21:50
283,1971,2021-09-20 10:21:50,2021-09-20 10:21:50
284,1930,2021-09-20 10:21:50,2021-09-20 10:21:50
285,1997,2021-09-20 10:21:50,2021-09-20 10:21:50
286,1996,2021-09-20 10:21:50,2021-09-20 10:21:50
287,1941,2021-09-20 10:21:50,2021-09-20 10:21:50
288,1944,2021-09-20 10:21:50,2021-09-20 10:21:50
289,1942,2021-09-20 10:21:50,2021-09-20 10:21:50
290,1940,2021-09-20 10:21:50,2021-09-20 10:21:50
291,1945,2021-09-20 10:21:50,2021-09-20 10:21:50
292,1943,2021-09-20 10:21:50,2021-09-20 10:21:50
293,1937,2021-09-20 10:21:50,2021-09-20 10:21:50
294,1936,2021-09-20 10:21:50,2021-09-20 10:21:50
295,1938,2021-09-20 10:21:50,2021-09-20 10:21:50
296,1951,2021-09-20 10:21:50,2021-09-20 10:21:50
297,1950,2021-09-20 10:21:50,2021-09-20 10:21:50
298,1901,2021-09-20 10:21:50,2021-09-20 10:21:50
299,1903,2021-09-20 10:21:50,2021-09-20 10:21:50
300,1904,2021-09-20 10:21:50,2021-09-20 10:21:50
301,1902,2021-09-20 10:21:50,2021-09-20 10:21:50
302,1900,2021-09-20 10:21:50,2021-09-20 10:21:50
303,,2021-09-20 10:21:50,2021-09-20 10:21:50
304,,2021-09-20 10:21:50,2021-09-20 10:21:50
305,2140,2021-09-20 10:21:50,2021-09-20 10:21:50
306,2030,2021-09-20 10:21:50,2021-09-20 10:21:50
307,2032,2021-09-20 10:21:50,2021-09-20 10:21:50
308,2021,2021-09-20 10:21:50,2021-09-20 10:21:50
309,2022,2021-09-20 10:21:50,2021-09-20 10:21:50
310,2020,2021-09-20 10:21:50,2021-09-20 10:21:50
311,2000,2021-09-20 10:21:50,2021-09-20 10:21:50
312,2001,2021-09-20 10:21:50,2021-09-20 10:21:50
313,2002,2021-09-20 10:21:50,2021-09-20 10:21:50
314,2011,2021-09-20 10:21:50,2021-09-20 10:21:50
315,2013,2021-09-20 10:21:50,2021-09-20 10:21:50
316,2012,2021-09-20 10:21:50,2021-09-20 10:21:50
317,2010,2021-09-20 10:21:50,2021-09-20 10:21:50
318,2041,2021-09-20 10:21:50,2021-09-20 10:21:50
319,2040,2021-09-20 10:21:50,2021-09-20 10:21:50
320,2052,2021-09-20 10:21:50,2021-09-20 10:21:50
321,2051,2021-09-20 10:21:50,2021-09-20 10:21:50
322,2053,2021-09-20 10:21:50,2021-09-20 10:21:50
323,2055,2021-09-20 10:21:50,2021-09-20 10:21:50
324,2054,2021-09-20 10:21:50,2021-09-20 10:21:50
325,2050,2021-09-20 10:21:50,2021-09-20 10:21:50
326,2240,2021-09-20 10:21:50,2021-09-20 10:21:50
327,2216,2021-09-20 10:21:50,2021-09-20 10:21:50
328,2234,2021-09-20 10:21:50,2021-09-20 10:21:50
329,2230,2021-09-20 10:21:50,2021-09-20 10:21:50
330,2233,2021-09-20 10:21:50,2021-09-20 10:21:50
331,2231,2021-09-20 10:21:50,2021-09-20 10:21:50
332,2232,2021-09-20 10:21:50,2021-09-20 10:21:50
333,2270,2021-09-20 10:21:50,2021-09-20 10:21:50
334,2271,2021-09-20 10:21:50,2021-09-20 10:21:50
335,2261,2021-09-20 10:21:50,2021-09-20 10:21:50
336,2260,2021-09-20 10:21:50,2021-09-20 10:21:50
337,2262,2021-09-20 10:21:50,2021-09-20 10:21:50
338,2282,2021-09-20 10:21:50,2021-09-20 10:21:50
339,2280,2021-09-20 10:21:50,2021-09-20 10:21:50
340,2281,2021-09-20 10:21:50,2021-09-20 10:21:50
341,2210,2021-09-20 10:21:50,2021-09-20 10:21:50
342,2202,2021-09-20 10:21:50,2021-09-20 10:21:50
343,2204,2021-09-20 10:21:50,2021-09-20 10:21:50
344,2201,2021-09-20 10:21:50,2021-09-20 10:21:50
345,2200,2021-09-20 10:21:50,2021-09-20 10:21:50
346,2205,2021-09-20 10:21:50,2021-09-20 10:21:50
347,2203,2021-09-20 10:21:50,2021-09-20 10:21:50
348,2291,2021-09-20 10:21:50,2021-09-20 10:21:50
349,2290,2021-09-20 10:21:50,2021-09-20 10:21:50
350,2251,2021-09-20 10:21:50,2021-09-20 10:21:50
351,2250,2021-09-20 10:21:50,2021-09-20 10:21:50
352,2252,2021-09-20 10:21:50,2021-09-20 10:21:50
353,2221,2021-09-20 10:21:50,2021-09-20 10:21:50
354,2223,2021-09-20 10:21:50,2021-09-20 10:21:50
355,2222,2021-09-20 10:21:50,2021-09-20 10:21:50
356,2220,2021-09-20 10:21:50,2021-09-20 10:21:50
357,2420,2021-09-20 10:21:50,2021-09-20 10:21:50
358,2470,2021-09-20 10:21:50,2021-09-20 10:21:50
359,2440,2021-09-20 10:21:50,2021-09-20 10:21:50
360,2450,2021-09-20 10:21:50,2021-09-20 10:21:50
361,2416,2021-09-20 10:21:50,2021-09-20 10:21:50
362,2417,2021-09-20 10:21:50,2021-09-20 10:21:50
363,2430,2021-09-20 10:21:50,2021-09-20 10:21:50
364,2480,2021-09-20 10:21:50,2021-09-20 10:21:50
365,2460,2021-09-20 10:21:50,2021-09-20 10:21:50
366,2462,2021-09-20 10:21:50,2021-09-20 10:21:50
367,2490,2021-09-20 10:21:50,2021-09-20 10:21:50
368,2456,2021-09-20 10:21:50,2021-09-20 10:21:50
369,2446,2021-09-20 10:21:50,2021-09-20 10:21:50
370,2401,2021-09-20 10:21:50,2021-09-20 10:21:50
371,2400,2021-09-20 10:21:50,2021-09-20 10:21:50
372,2412,2021-09-20 10:21:50,2021-09-20 10:21:50
373,2410,2021-09-20 10:21:50,2021-09-20 10:21:50
374,2411,2021-09-20 10:21:50,2021-09-20 10:21:50
375,2140,2021-09-20 10:21:50,2021-09-20 10:21:50
376,2120,2021-09-20 10:21:50,2021-09-20 10:21:50
377,2151,2021-09-20 10:21:50,2021-09-20 10:21:50
378,2150,2021-09-20 10:21:50,2021-09-20 10:21:50
379,2111,2021-09-20 10:21:50,2021-09-20 10:21:50
380,2110,2021-09-20 10:21:50,2021-09-20 10:21:50
381,2100,2021-09-20 10:21:50,2021-09-20 10:21:50
382,2130,2021-09-20 10:21:50,2021-09-20 10:21:50
383,,2021-09-20 10:21:50,2021-09-20 10:21:50
384,,2021-09-20 10:21:50,2021-09-20 10:21:50
385,3360,2021-09-20 10:21:50,2021-09-20 10:21:50
386,3310,2021-09-20 10:21:50,2021-09-20 10:21:50
387,3350,2021-09-20 10:21:50,2021-09-20 10:21:50
388,3351,2021-09-20 10:21:50,2021-09-20 10:21:50
389,3352,2021-09-20 10:21:50,2021-09-20 10:21:50
390,3321,2021-09-20 10:21:50,2021-09-20 10:21:50
391,3320,2021-09-20 10:21:50,2021-09-20 10:21:50
392,3322,2021-09-20 10:21:50,2021-09-20 10:21:50
393,3302,2021-09-20 10:21:50,2021-09-20 10:21:50
394,3300,2021-09-20 10:21:50,2021-09-20 10:21:50
395,3301,2021-09-20 10:21:50,2021-09-20 10:21:50
396,3340,2021-09-20 10:21:50,2021-09-20 10:21:50
397,3341,2021-09-20 10:21:50,2021-09-20 10:21:50
398,3331,2021-09-20 10:21:50,2021-09-20 10:21:50
399,3330,2021-09-20 10:21:50,2021-09-20 10:21:50
400,3333,2021-09-20 10:21:50,2021-09-20 10:21:50
401,3332,2021-09-20 10:21:50,2021-09-20 10:21:50
402,3373,2021-09-20 10:21:50,2021-09-20 10:21:50
403,3372,2021-09-20 10:21:50,2021-09-20 10:21:50
404,3371,2021-09-20 10:21:50,2021-09-20 10:21:50
405,3374,2021-09-20 10:21:50,2021-09-20 10:21:50
406,3370,2021-09-20 10:21:50,2021-09-20 10:21:50
407,3250,2021-09-20 10:21:50,2021-09-20 10:21:50
408,3252,2021-09-20 10:21:50,2021-09-20 10:21:50
409,3251,2021-09-20 10:21:50,2021-09-20 10:21:50
410,3253,2021-09-20 10:21:50,2021-09-20 10:21:50
411,3220,2021-09-20 10:21:50,2021-09-20 10:21:50
412,3221,2021-09-20 10:21:50,2021-09-20 10:21:50
413,3224,2021-09-20 10:21:50,2021-09-20 10:21:50
414,3222,2021-09-20 10:21:50,2021-09-20 10:21:50
415,3223,2021-09-20 10:21:50,2021-09-20 10:21:50
416,3237,2021-09-20 10:21:50,2021-09-20 10:21:50
417,3234,2021-09-20 10:21:50,2021-09-20 10:21:50
418,3235,2021-09-20 10:21:50,2021-09-20 10:21:50
419,3230,2021-09-20 10:21:50,2021-09-20 10:21:50
420,3232,2021-09-20 10:21:50,2021-09-20 10:21:50
421,3233,2021-09-20 10:21:50,2021-09-20 10:21:50
422,3231,2021-09-20 10:21:50,2021-09-20 10:21:50
423,3203,2021-09-20 10:21:50,2021-09-20 10:21:50
424,3201,2021-09-20 10:21:50,2021-09-20 10:21:50
425,3202,2021-09-20 10:21:50,2021-09-20 10:21:50
426,3200,2021-09-20 10:21:50,2021-09-20 10:21:50
427,3240,2021-09-20 10:21:50,2021-09-20 10:21:50
428,3212,2021-09-20 10:21:50,2021-09-20 10:21:50
429,3213,2021-09-20 10:21:50,2021-09-20 10:21:50
430,3211,2021-09-20 10:21:50,2021-09-20 10:21:50
431,3214,2021-09-20 10:21:50,2021-09-20 10:21:50
432,3210,2021-09-20 10:21:50,2021-09-20 10:21:50
433,3010,2021-09-20 10:21:50,2021-09-20 10:21:50
434,3080,2021-09-20 10:21:50,2021-09-20 10:21:50
435,3081,2021-09-20 10:21:50,2021-09-20 10:21:50
436,3082,2021-09-20 10:21:50,2021-09-20 10:21:50
437,3893,2021-09-20 10:21:50,2021-09-20 10:21:50
438,3083,2021-09-20 10:21:50,2021-09-20 10:21:50
439,3084,2021-09-20 10:21:50,2021-09-20 10:21:50
440,3088,2021-09-20 10:21:50,2021-09-20 10:21:50
441,3087,2021-09-20 10:21:50,2021-09-20 10:21:50
442,3085,2021-09-20 10:21:50,2021-09-20 10:21:50
443,3086,2021-09-20 10:21:50,2021-09-20 10:21:50
444,3040,2021-09-20 10:21:50,2021-09-20 10:21:50
445,3041,2021-09-20 10:21:50,2021-09-20 10:21:50
446,3070,2021-09-20 10:21:50,2021-09-20 10:21:50
447,3050,2021-09-20 10:21:50,2021-09-20 10:21:50
448,3062,2021-09-20 10:21:50,2021-09-20 10:21:50
449,3063,2021-09-20 10:21:50,2021-09-20 10:21:50
450,3060,2021-09-20 10:21:50,2021-09-20 10:21:50
451,3064,2021-09-20 10:21:50,2021-09-20 10:21:50
452,3065,2021-09-20 10:21:50,2021-09-20 10:21:50
453,3061,2021-09-20 10:21:50,2021-09-20 10:21:50
454,3127,2021-09-20 10:21:50,2021-09-20 10:21:50
455,3020,2021-09-20 10:21:50,2021-09-20 10:21:50
456,3001,2021-09-20 10:21:50,2021-09-20 10:21:50
457,3002,2021-09-20 10:21:50,2021-09-20 10:21:50
458,3000,2021-09-20 10:21:50,2021-09-20 10:21:50
459,3030,2021-09-20 10:21:50,2021-09-20 10:21:50
460,3120,2021-09-20 10:21:50,2021-09-20 10:21:50
461,3125,2021-09-20 10:21:50,2021-09-20 10:21:50
462,3122,2021-09-20 10:21:50,2021-09-20 10:21:50
463,3128,2021-09-20 10:21:50,2021-09-20 10:21:50
464,3124,2021-09-20 10:21:50,2021-09-20 10:21:50
465,3121,2021-09-20 10:21:50,2021-09-20 10:21:50
466,3127,2021-09-20 10:21:50,2021-09-20 10:21:50
467,3129,2021-09-20 10:21:50,2021-09-20 10:21:50
468,3126,2021-09-20 10:21:50,2021-09-20 10:21:50
469,3123,2021-09-20 10:21:50,2021-09-20 10:21:50
470,3170,2021-09-20 10:21:50,2021-09-20 10:21:50
471,3175,2021-09-20 10:21:50,2021-09-20 10:21:50
472,3171,2021-09-20 10:21:50,2021-09-20 10:21:50
473,3173,2021-09-20 10:21:50,2021-09-20 10:21:50
474,3172,2021-09-20 10:21:50,2021-09-20 10:21:50
475,3174,2021-09-20 10:21:50,2021-09-20 10:21:50
476,3130,2021-09-20 10:21:50,2021-09-20 10:21:50
477,3131,2021-09-20 10:21:50,2021-09-20 10:21:50
478,3133,2021-09-20 10:21:50,2021-09-20 10:21:50
479,3132,2021-09-20 10:21:50,2021-09-20 10:21:50
480,3134,2021-09-20 10:21:50,2021-09-20 10:21:50
481,3116,2021-09-20 10:21:50,2021-09-20 10:21:50
482,3117,2021-09-20 10:21:50,2021-09-20 10:21:50
483,3152,2021-09-20 10:21:50,2021-09-20 10:21:50
484,3150,2021-09-20 10:21:50,2021-09-20 10:21:50
485,3151,2021-09-20 10:21:50,2021-09-20 10:21:50
486,3164,2021-09-20 10:21:50,2021-09-20 10:21:50
487,3165,2021-09-20 10:21:50,2021-09-20 10:21:50
488,3162,2021-09-20 10:21:50,2021-09-20 10:21:50
489,3161,2021-09-20 10:21:50,2021-09-20 10:21:50
490,3160,2021-09-20 10:21:50,2021-09-20 10:21:50
491,3163,2021-09-20 10:21:50,2021-09-20 10:21:50
492,3156,2021-09-20 10:21:50,2021-09-20 10:21:50
493,3191,2021-09-20 10:21:50,2021-09-20 10:21:50
494,3190,2021-09-20 10:21:50,2021-09-20 10:21:50
495,3181,2021-09-20 10:21:50,2021-09-20 10:21:50
496,3183,2021-09-20 10:21:50,2021-09-20 10:21:50
497,3180,2021-09-20 10:21:50,2021-09-20 10:21:50
498,3182,2021-09-20 10:21:50,2021-09-20 10:21:50
499,3140,2021-09-20 10:21:50,2021-09-20 10:21:50
500,3106,2021-09-20 10:21:50,2021-09-20 10:21:50
501,3107,2021-09-20 10:21:50,2021-09-20 10:21:50
502,3104,2021-09-20 10:21:50,2021-09-20 10:21:50
503,3111,2021-09-20 10:21:50,2021-09-20 10:21:50
504,3112,2021-09-20 10:21:50,2021-09-20 10:21:50
505,3103,2021-09-20 10:21:50,2021-09-20 10:21:50
506,3113,2021-09-20 10:21:50,2021-09-20 10:21:50
507,3108,2021-09-20 10:21:50,2021-09-20 10:21:50
508,3109,2021-09-20 10:21:50,2021-09-20 10:21:50
509,3114,2021-09-20 10:21:50,2021-09-20 10:21:50
510,3105,2021-09-20 10:21:50,2021-09-20 10:21:50
511,3100,2021-09-20 10:21:50,2021-09-20 10:21:50
512,3102,2021-09-20 10:21:50,2021-09-20 10:21:50
513,3101,2021-09-20 10:21:50,2021-09-20 10:21:50
514,,2021-09-20 10:21:50,2021-09-20 10:21:50
515,,2021-09-20 10:21:50,2021-09-20 10:21:50
516,4650,2021-09-20 10:21:50,2021-09-20 10:21:50
517,4600,2021-09-20 10:21:50,2021-09-20 10:21:50
518,4660,2021-09-20 10:21:50,2021-09-20 10:21:50
519,4610,2021-09-20 10:21:50,2021-09-20 10:21:50
520,4620,2021-09-20 10:21:50,2021-09-20 10:21:50
521,4641,2021-09-20 10:21:50,2021-09-20 10:21:50
522,4630,2021-09-20 10:21:50,2021-09-20 10:21:50
523,3450,2021-09-20 10:21:50,2021-09-20 10:21:50
524,3451,2021-09-20 10:21:50,2021-09-20 10:21:50
525,3452,2021-09-20 10:21:50,2021-09-20 10:21:50
526,3420,2021-09-20 10:21:50,2021-09-20 10:21:50
527,3402,2021-09-20 10:21:50,2021-09-20 10:21:50
528,3403,2021-09-20 10:21:50,2021-09-20 10:21:50
529,3400,2021-09-20 10:21:50,2021-09-20 10:21:50
530,3404,2021-09-20 10:21:50,2021-09-20 10:21:50
531,3401,2021-09-20 10:21:50,2021-09-20 10:21:50
532,3462,2021-09-20 10:21:50,2021-09-20 10:21:50
533,3463,2021-09-20 10:21:50,2021-09-20 10:21:50
534,3464,2021-09-20 10:21:50,2021-09-20 10:21:50
535,3460,2021-09-20 10:21:50,2021-09-20 10:21:50
536,3461,2021-09-20 10:21:50,2021-09-20 10:21:50
537,3419,2021-09-20 10:21:50,2021-09-20 10:21:50
538,3417,2021-09-20 10:21:50,2021-09-20 10:21:50
539,3411,2021-09-20 10:21:50,2021-09-20 10:21:50
540,3410,2021-09-20 10:21:50,2021-09-20 10:21:50
541,3412,2021-09-20 10:21:50,2021-09-20 10:21:50
542,3414,2021-09-20 10:21:50,2021-09-20 10:21:50
543,3418,2021-09-20 10:21:50,2021-09-20 10:21:50
544,3415,2021-09-20 10:21:50,2021-09-20 10:21:50
545,3413,2021-09-20 10:21:50,2021-09-20 10:21:50
546,3441,2021-09-20 10:21:50,2021-09-20 10:21:50
547,3443,2021-09-20 10:21:50,2021-09-20 10:21:50
548,3432,2021-09-20 10:21:50,2021-09-20 10:21:50
549,3430,2021-09-20 10:21:50,2021-09-20 10:21:50
550,3431,2021-09-20 10:21:50,2021-09-20 10:21:50
551,3602,2021-09-20 10:21:50,2021-09-20 10:21:50
552,3600,2021-09-20 10:21:50,2021-09-20 10:21:50
553,3601,2021-09-20 10:21:50,2021-09-20 10:21:50
554,3603,2021-09-20 10:21:50,2021-09-20 10:21:50
555,3651,2021-09-20 10:21:50,2021-09-20 10:21:50
556,3650,2021-09-20 10:21:50,2021-09-20 10:21:50
557,3653,2021-09-20 10:21:50,2021-09-20 10:21:50
558,3655,2021-09-20 10:21:50,2021-09-20 10:21:50
559,3654,2021-09-20 10:21:50,2021-09-20 10:21:50
560,3652,2021-09-20 10:21:50,2021-09-20 10:21:50
561,3611,2021-09-20 10:21:50,2021-09-20 10:21:50
562,3610,2021-09-20 10:21:50,2021-09-20 10:21:50
563,3661,2021-09-20 10:21:50,2021-09-20 10:21:50
564,3660,2021-09-20 10:21:50,2021-09-20 10:21:50
565,3630,2021-09-20 10:21:50,2021-09-20 10:21:50
566,3631,2021-09-20 10:21:50,2021-09-20 10:21:50
567,3632,2021-09-20 10:21:50,2021-09-20 10:21:50
568,3633,2021-09-20 10:21:50,2021-09-20 10:21:50
569,3642,2021-09-20 10:21:50,2021-09-20 10:21:50
570,3640,2021-09-20 10:21:50,2021-09-20 10:21:50
571,3641,2021-09-20 10:21:50,2021-09-20 10:21:50
572,3623,2021-09-20 10:21:50,2021-09-20 10:21:50
573,3624,2021-09-20 10:21:50,2021-09-20 10:21:50
574,3621,2021-09-20 10:21:50,2021-09-20 10:21:50
575,3622,2021-09-20 10:21:50,2021-09-20 10:21:50
576,3620,2021-09-20 10:21:50,2021-09-20 10:21:50
577,4376,2021-09-20 10:21:50,2021-09-20 10:21:50
578,4378,2021-09-20 10:21:50,2021-09-20 10:21:50
579,4377,2021-09-20 10:21:50,2021-09-20 10:21:50
580,4366,2021-09-20 10:21:50,2021-09-20 10:21:50
581,4369,2021-09-20 10:21:50,2021-09-20 10:21:50
582,4365,2021-09-20 10:21:50,2021-09-20 10:21:50
583,4368,2021-09-20 10:21:50,2021-09-20 10:21:50
584,4363,2021-09-20 10:21:50,2021-09-20 10:21:50
585,4367,2021-09-20 10:21:50,2021-09-20 10:21:50
586,4364,2021-09-20 10:21:50,2021-09-20 10:21:50
587,4221,2021-09-20 10:21:50,2021-09-20 10:21:50
588,4211,2021-09-20 10:21:50,2021-09-20 10:21:50
589,4215,2021-09-20 10:21:50,2021-09-20 10:21:50
590,4210,2021-09-20 10:21:50,2021-09-20 10:21:50
591,4212,2021-09-20 10:21:50,2021-09-20 10:21:50
592,4203,2021-09-20 10:21:50,2021-09-20 10:21:50
593,4220,2021-09-20 10:21:50,2021-09-20 10:21:50
594,4219,2021-09-20 10:21:50,2021-09-20 10:21:50
595,4209,2021-09-20 10:21:50,2021-09-20 10:21:50
596,4218,2021-09-20 10:21:50,2021-09-20 10:21:50
597,4205,2021-09-20 10:21:50,2021-09-20 10:21:50
598,4100,2021-09-20 10:21:50,2021-09-20 10:21:50
599,4000,2021-09-20 10:21:50,2021-09-20 10:21:50
600,4223,2021-09-20 10:21:50,2021-09-20 10:21:50
601,4207,2021-09-20 10:21:50,2021-09-20 10:21:50
602,4216,2021-09-20 10:21:50,2021-09-20 10:21:50
603,4225,2021-09-20 10:21:50,2021-09-20 10:21:50
604,4214,2021-09-20 10:21:50,2021-09-20 10:21:50
605,4206,2021-09-20 10:21:50,2021-09-20 10:21:50
606,4222,2021-09-20 10:21:50,2021-09-20 10:21:50
607,4208,2021-09-20 10:21:50,2021-09-20 10:21:50
608,4226,2021-09-20 10:21:50,2021-09-20 10:21:50
609,4217,2021-09-20 10:21:50,2021-09-20 10:21:50
610,4202,2021-09-20 10:21:50,2021-09-20 10:21:50
611,4204,2021-09-20 10:21:50,2021-09-20 10:21:50
612,4224,2021-09-20 10:21:50,2021-09-20 10:21:50
613,4213,2021-09-20 10:21:50,2021-09-20 10:21:50
614,4383,2021-09-20 10:21:50,2021-09-20 10:21:50
615,4382,2021-09-20 10:21:50,2021-09-20 10:21:50
616,4380,2021-09-20 10:21:50,2021-09-20 10:21:50
617,4381,2021-09-20 10:21:50,2021-09-20 10:21:50
618,4352,2021-09-20 10:21:50,2021-09-20 10:21:50
619,4350,2021-09-20 10:21:50,2021-09-20 10:21:50
620,4354,2021-09-20 10:21:50,2021-09-20 10:21:50
621,4353,2021-09-20 10:21:50,2021-09-20 10:21:50
622,4351,2021-09-20 10:21:50,2021-09-20 10:21:50
623,4355,2021-09-20 10:21:50,2021-09-20 10:21:50
624,,2021-09-20 10:21:50,2021-09-20 10:21:50
625,4330,2021-09-20 10:21:50,2021-09-20 10:21:50
626,4333,2021-09-20 10:21:50,2021-09-20 10:21:50
627,4336,2021-09-20 10:21:50,2021-09-20 10:21:50
628,4334,2021-09-20 10:21:50,2021-09-20 10:21:50
629,4337,2021-09-20 10:21:50,2021-09-20 10:21:50
630,4338,2021-09-20 10:21:50,2021-09-20 10:21:50
631,4393,2021-09-20 10:21:50,2021-09-20 10:21:50
632,4392,2021-09-20 10:21:50,2021-09-20 10:21:50
633,4390,2021-09-20 10:21:50,2021-09-20 10:21:50
634,4391,2021-09-20 10:21:50,2021-09-20 10:21:50
635,4398,2021-09-20 10:21:50,2021-09-20 10:21:50
636,4396,2021-09-20 10:21:50,2021-09-20 10:21:50
637,4397,2021-09-20 10:21:50,2021-09-20 10:21:50
638,4321,2021-09-20 10:21:50,2021-09-20 10:21:50
639,4325,2021-09-20 10:21:50,2021-09-20 10:21:50
640,4323,2021-09-20 10:21:50,2021-09-20 10:21:50
641,4322,2021-09-20 10:21:50,2021-09-20 10:21:50
642,4324,2021-09-20 10:21:50,2021-09-20 10:21:50
643,4327,2021-09-20 10:21:50,2021-09-20 10:21:50
644,4320,2021-09-20 10:21:50,2021-09-20 10:21:50
645,4328,2021-09-20 10:21:50,2021-09-20 10:21:50
646,4371,2021-09-20 10:21:50,2021-09-20 10:21:50
647,4370,2021-09-20 10:21:50,2021-09-20 10:21:50
648,4361,2021-09-20 10:21:50,2021-09-20 10:21:50
649,4360,2021-09-20 10:21:50,2021-09-20 10:21:50
650,4349,2021-09-20 10:21:50,2021-09-20 10:21:50
651,4341,2021-09-20 10:21:50,2021-09-20 10:21:50
652,4347,2021-09-20 10:21:50,2021-09-20 10:21:50
653,4345,2021-09-20 10:21:50,2021-09-20 10:21:50
654,4343,2021-09-20 10:21:50,2021-09-20 10:21:50
655,4346,2021-09-20 10:21:50,2021-09-20 10:21:50
656,4344,2021-09-20 10:21:50,2021-09-20 10:21:50
657,4342,2021-09-20 10:21:50,2021-09-20 10:21:50
658,4348,2021-09-20 10:21:50,2021-09-20 10:21:50
659,4340,2021-09-20 10:21:50,2021-09-20 10:21:50
660,4300,2021-09-20 10:21:50,2021-09-20 10:21:50
661,4301,2021-09-20 10:21:50,2021-09-20 10:21:50
662,4302,2021-09-20 10:21:50,2021-09-20 10:21:50
663,4387,2021-09-20 10:21:50,2021-09-20 10:21:50
664,4388,2021-09-20 10:21:50,2021-09-20 10:21:50
665,4386,2021-09-20 10:21:50,2021-09-20 10:21:50
666,4312,2021-09-20 10:21:50,2021-09-20 10:21:50
667,4311,2021-09-20 10:21:50,2021-09-20 10:21:50
668,4313,2021-09-20 10:21:50,2021-09-20 10:21:50
669,4315,2021-09-20 10:21:50,2021-09-20 10:21:50
670,4316,2021-09-20 10:21:50,2021-09-20 10:21:50
671,4317,2021-09-20 10:21:50,2021-09-20 10:21:50
672,4314,2021-09-20 10:21:50,2021-09-20 10:21:50
673,4310,2021-09-20 10:21:50,2021-09-20 10:21:50
674,3560,2021-09-20 10:21:50,2021-09-20 10:21:50
675,3562,2021-09-20 10:21:50,2021-09-20 10:21:50
676,3561,2021-09-20 10:21:50,2021-09-20 10:21:50
677,3526,2021-09-20 10:21:50,2021-09-20 10:21:50
678,3520,2021-09-20 10:21:50,2021-09-20 10:21:50
679,3521,2021-09-20 10:21:50,2021-09-20 10:21:50
680,3510,2021-09-20 10:21:50,2021-09-20 10:21:50
681,3511,2021-09-20 10:21:50,2021-09-20 10:21:50
682,3510,2021-09-20 10:21:50,2021-09-20 10:21:50
683,3551,2021-09-20 10:21:50,2021-09-20 10:21:50
684,3552,2021-09-20 10:21:50,2021-09-20 10:21:50
685,3550,2021-09-20 10:21:50,2021-09-20 10:21:50
686,3501,2021-09-20 10:21:50,2021-09-20 10:21:50
687,3500,2021-09-20 10:21:50,2021-09-20 10:21:50
688,3503,2021-09-20 10:21:50,2021-09-20 10:21:50
689,3502,2021-09-20 10:21:50,2021-09-20 10:21:50
690,3504,2021-09-20 10:21:50,2021-09-20 10:21:50
691,3518,2021-09-20 10:21:50,2021-09-20 10:21:50
692,3516,2021-09-20 10:21:50,2021-09-20 10:21:50
693,3519,2021-09-20 10:21:50,2021-09-20 10:21:50
694,3517,2021-09-20 10:21:50,2021-09-20 10:21:50
695,3532,2021-09-20 10:21:50,2021-09-20 10:21:50
696,3530,2021-09-20 10:21:50,2021-09-20 10:21:50
697,3533,2021-09-20 10:21:50,2021-09-20 10:21:50
698,3531,2021-09-20 10:21:50,2021-09-20 10:21:50
699,3546,2021-09-20 10:21:50,2021-09-20 10:21:50
700,3572,2021-09-20 10:21:50,2021-09-20 10:21:50
701,3570,2021-09-20 10:21:50,2021-09-20 10:21:50
702,3571,2021-09-20 10:21:50,2021-09-20 10:21:50
703,3582,2021-09-20 10:21:50,2021-09-20 10:21:50
704,3581,2021-09-20 10:21:50,2021-09-20 10:21:50
705,3583,2021-09-20 10:21:50,2021-09-20 10:21:50
706,3580,2021-09-20 10:21:50,2021-09-20 10:21:50
707,3543,2021-09-20 10:21:50,2021-09-20 10:21:50
708,3542,2021-09-20 10:21:50,2021-09-20 10:21:50
709,3540,2021-09-20 10:21:50,2021-09-20 10:21:50
710,3545,2021-09-20 10:21:50,2021-09-20 10:21:50
711,3541,2021-09-20 10:21:50,2021-09-20 10:21:50
712,3544,2021-09-20 10:21:50,2021-09-20 10:21:50
713,4742,2021-09-20 10:21:50,2021-09-20 10:21:50
714,4740,2021-09-20 10:21:50,2021-09-20 10:21:50
715,4741,2021-09-20 10:21:50,2021-09-20 10:21:50
716,4743,2021-09-20 10:21:50,2021-09-20 10:21:50
717,4700,2021-09-20 10:21:50,2021-09-20 10:21:50
718,4702,2021-09-20 10:21:50,2021-09-20 10:21:50
719,4701,2021-09-20 10:21:50,2021-09-20 10:21:50
720,4710,2021-09-20 10:21:50,2021-09-20 10:21:50
721,4720,2021-09-20 10:21:50,2021-09-20 10:21:50
722,4730,2021-09-20 10:21:50,2021-09-20 10:21:50
723,4761,2021-09-20 10:21:50,2021-09-20 10:21:50
724,4762,2021-09-20 10:21:50,2021-09-20 10:21:50
725,4760,2021-09-20 10:21:50,2021-09-20 10:21:50
726,4750,2021-09-20 10:21:50,2021-09-20 10:21:50
727,3910,2021-09-20 10:21:50,2021-09-20 10:21:50
728,3912,2021-09-20 10:21:50,2021-09-20 10:21:50
729,3911,2021-09-20 10:21:50,2021-09-20 10:21:50
730,3913,2021-09-20 10:21:50,2021-09-20 10:21:50
731,3922,2021-09-20 10:21:50,2021-09-20 10:21:50
732,3920,2021-09-20 10:21:50,2021-09-20 10:21:50
733,3921,2021-09-20 10:21:50,2021-09-20 10:21:50
734,3923,2021-09-20 10:21:50,2021-09-20 10:21:50
735,3901,2021-09-20 10:21:50,2021-09-20 10:21:50
736,3900,2021-09-20 10:21:50,2021-09-20 10:21:50
737,3903,2021-09-20 10:21:50,2021-09-20 10:21:50
738,3902,2021-09-20 10:21:50,2021-09-20 10:21:50
739,3942,2021-09-20 10:21:50,2021-09-20 10:21:50
740,3943,2021-09-20 10:21:50,2021-09-20 10:21:50
741,3940,2021-09-20 10:21:50,2021-09-20 10:21:50
742,3941,2021-09-20 10:21:50,2021-09-20 10:21:50
743,3932,2021-09-20 10:21:50,2021-09-20 10:21:50
744,3933,2021-09-20 10:21:50,2021-09-20 10:21:50
745,3931,2021-09-20 10:21:50,2021-09-20 10:21:50
746,3930,2021-09-20 10:21:50,2021-09-20 10:21:50
747,3937,2021-09-20 10:21:50,2021-09-20 10:21:50
748,4420,2021-09-20 10:21:50,2021-09-20 10:21:50
749,4400,2021-09-20 10:21:50,2021-09-20 10:21:50
750,4470,2021-09-20 10:21:50,2021-09-20 10:21:50
751,4430,2021-09-20 10:21:50,2021-09-20 10:21:50
752,4460,2021-09-20 10:21:50,2021-09-20 10:21:50
753,4450,2021-09-20 10:21:50,2021-09-20 10:21:50
754,4410,2021-09-20 10:21:50,2021-09-20 10:21:50
755,4440,2021-09-20 10:21:50,2021-09-20 10:21:50
756,3730,2021-09-20 10:21:50,2021-09-20 10:21:50
757,3731,2021-09-20 10:21:50,2021-09-20 10:21:50
758,3732,2021-09-20 10:21:50,2021-09-20 10:21:50
759,3709,2021-09-20 10:21:50,2021-09-20 10:21:50
760,3702,2021-09-20 10:21:50,2021-09-20 10:21:50
761,3708,2021-09-20 10:21:50,2021-09-20 10:21:50
762,3707,2021-09-20 10:21:50,2021-09-20 10:21:50
763,3701,2021-09-20 10:21:50,2021-09-20 10:21:50
764,3706,2021-09-20 10:21:50,2021-09-20 10:21:50
765,3704,2021-09-20 10:21:50,2021-09-20 10:21:50
766,3700,2021-09-20 10:21:50,2021-09-20 10:21:50
767,3703,2021-09-20 10:21:50,2021-09-20 10:21:50
768,3705,2021-09-20 10:21:50,2021-09-20 10:21:50
769,3721,2021-09-20 10:21:50,2021-09-20 10:21:50
770,3725,2021-09-20 10:21:50,2021-09-20 10:21:50
771,3723,2021-09-20 10:21:50,2021-09-20 10:21:50
772,3724,2021-09-20 10:21:50,2021-09-20 10:21:50
773,3722,2021-09-20 10:21:50,2021-09-20 10:21:50
774,3720,2021-09-20 10:21:50,2021-09-20 10:21:50
775,3714,2021-09-20 10:21:50,2021-09-20 10:21:50
776,3713,2021-09-20 10:21:50,2021-09-20 10:21:50
777,3713,2021-09-20 10:21:50,2021-09-20 10:21:50
778,3712,2021-09-20 10:21:50,2021-09-20 10:21:50
779,3711,2021-09-20 10:21:50,2021-09-20 10:21:50
780,3710,2021-09-20 10:21:50,2021-09-20 10:21:50
781,3850,2021-09-20 10:21:50,2021-09-20 10:21:50
782,3851,2021-09-20 10:21:50,2021-09-20 10:21:50
783,3831,2021-09-20 10:21:50,2021-09-20 10:21:50
784,3847,2021-09-20 10:21:50,2021-09-20 10:21:50
785,3836,2021-09-20 10:21:50,2021-09-20 10:21:50
786,3822,2021-09-20 10:21:50,2021-09-20 10:21:50
787,3824,2021-09-20 10:21:50,2021-09-20 10:21:50
788,3820,2021-09-20 10:21:50,2021-09-20 10:21:50
789,3837,2021-09-20 10:21:50,2021-09-20 10:21:50
790,3821,2021-09-20 10:21:50,2021-09-20 10:21:50
791,3843,2021-09-20 10:21:50,2021-09-20 10:21:50
792,3848,2021-09-20 10:21:50,2021-09-20 10:21:50
793,3828,2021-09-20 10:21:50,2021-09-20 10:21:50
794,3825,2021-09-20 10:21:50,2021-09-20 10:21:50
795,3844,2021-09-20 10:21:50,2021-09-20 10:21:50
796,3829,2021-09-20 10:21:50,2021-09-20 10:21:50
797,3833,2021-09-20 10:21:50,2021-09-20 10:21:50
798,3842,2021-09-20 10:21:50,2021-09-20 10:21:50
799,3838,2021-09-20 10:21:50,2021-09-20 10:21:50
800,3823,2021-09-20 10:21:50,2021-09-20 10:21:50
801,3839,2021-09-20 10:21:50,2021-09-20 10:21:50
802,3841,2021-09-20 10:21:50,2021-09-20 10:21:50
803,3835,2021-09-20 10:21:50,2021-09-20 10:21:50
804,3834,2021-09-20 10:21:50,2021-09-20 10:21:50
805,3827,2021-09-20 10:21:50,2021-09-20 10:21:50
806,3832,2021-09-20 10:21:50,2021-09-20 10:21:50
807,3845,2021-09-20 10:21:50,2021-09-20 10:21:50
808,3879,2021-09-20 10:21:50,2021-09-20 10:21:50
809,3873,2021-09-20 10:21:50,2021-09-20 10:21:50
810,3870,2021-09-20 10:21:50,2021-09-20 10:21:50
811,3878,2021-09-20 10:21:50,2021-09-20 10:21:50
812,3877,2021-09-20 10:21:50,2021-09-20 10:21:50
813,3872,2021-09-20 10:21:50,2021-09-20 10:21:50
814,3871,2021-09-20 10:21:50,2021-09-20 10:21:50
815,3874,2021-09-20 10:21:50,2021-09-20 10:21:50
816,3881,2021-09-20 10:21:50,2021-09-20 10:21:50
817,3882,2021-09-20 10:21:50,2021-09-20 10:21:50
818,3883,2021-09-20 10:21:50,2021-09-20 10:21:50
819,3875,2021-09-20 10:21:50,2021-09-20 10:21:50
820,3891,2021-09-20 10:21:50,2021-09-20 10:21:50
821,3890,2021-09-20 10:21:50,2021-09-20 10:21:50
822,3892,2021-09-20 10:21:50,2021-09-20 10:21:50
823,3811,2021-09-20 10:21:50,2021-09-20 10:21:50
824,3812,2021-09-20 10:21:50,2021-09-20 10:21:50
825,3809,2021-09-20 10:21:50,2021-09-20 10:21:50
826,3803,2021-09-20 10:21:50,2021-09-20 10:21:50
827,3807,2021-09-20 10:21:50,2021-09-20 10:21:50
828,3808,2021-09-20 10:21:50,2021-09-20 10:21:50
829,3806,2021-09-20 10:21:50,2021-09-20 10:21:50
830,3801,2021-09-20 10:21:50,2021-09-20 10:21:50
831,3800,2021-09-20 10:21:50,2021-09-20 10:21:50
832,3804,2021-09-20 10:21:50,2021-09-20 10:21:50
833,3802,2021-09-20 10:21:50,2021-09-20 10:21:50
834,3862,2021-09-20 10:21:50,2021-09-20 10:21:50
835,3864,2021-09-20 10:21:50,2021-09-20 10:21:50
836,3861,2021-09-20 10:21:50,2021-09-20 10:21:50
837,3863,2021-09-20 10:21:50,2021-09-20 10:21:50
838,3860,2021-09-20 10:21:50,2021-09-20 10:21:50
839,3865,2021-09-20 10:21:50,2021-09-20 10:21:50
840,4570,2021-09-20 10:21:50,2021-09-20 10:21:50
841,4550,2021-09-20 10:21:50,2021-09-20 10:21:50
842,4560,2021-09-20 10:21:50,2021-09-20 10:21:50
843,4511,2021-09-20 10:21:50,2021-09-20 10:21:50
844,4510,2021-09-20 10:21:50,2021-09-20 10:21:50
845,4531,2021-09-20 10:21:50,2021-09-20 10:21:50
846,4530,2021-09-20 10:21:50,2021-09-20 10:21:50
847,4533,2021-09-20 10:21:50,2021-09-20 10:21:50
848,4532,2021-09-20 10:21:50,2021-09-20 10:21:50
849,4580,2021-09-20 10:21:50,2021-09-20 10:21:50
850,4590,2021-09-20 10:21:50,2021-09-20 10:21:50
851,4520,2021-09-20 10:21:50,2021-09-20 10:21:50
852,4540,2021-09-20 10:21:50,2021-09-20 10:21:50
853,4500,2021-09-20 10:21:50,2021-09-20 10:21:50
854,,2021-09-20 10:21:50,2021-09-20 10:21:50
855,,2021-09-20 10:21:50,2021-09-20 10:21:50
856,5270,2021-09-20 10:21:50,2021-09-20 10:21:50
857,5210,2021-09-20 10:21:50,2021-09-20 10:21:50
858,5266,2021-09-20 10:21:50,2021-09-20 10:21:50
859,5220,2021-09-20 10:21:50,2021-09-20 10:21:50
860,5240,2021-09-20 10:21:50,2021-09-20 10:21:50
861,5241,2021-09-20 10:21:50,2021-09-20 10:21:50
862,5201,2021-09-20 10:21:50,2021-09-20 10:21:50
863,5200,2021-09-20 10:21:50,2021-09-20 10:21:50
864,5230,2021-09-20 10:21:50,2021-09-20 10:21:50
865,5231,2021-09-20 10:21:50,2021-09-20 10:21:50
866,5226,2021-09-20 10:21:50,2021-09-20 10:21:50
867,5281,2021-09-20 10:21:50,2021-09-20 10:21:50
868,5282,2021-09-20 10:21:50,2021-09-20 10:21:50
869,5280,2021-09-20 10:21:50,2021-09-20 10:21:50
870,5291,2021-09-20 10:21:50,2021-09-20 10:21:50
871,5290,2021-09-20 10:21:50,2021-09-20 10:21:50
872,5250,2021-09-20 10:21:50,2021-09-20 10:21:50
873,5260,2021-09-20 10:21:50,2021-09-20 10:21:50
874,5216,2021-09-20 10:21:50,2021-09-20 10:21:50
875,5750,2021-09-20 10:21:50,2021-09-20 10:21:50
876,5751,2021-09-20 10:21:50,2021-09-20 10:21:50
877,5700,2021-09-20 10:21:50,2021-09-20 10:21:50
878,5740,2021-09-20 10:21:50,2021-09-20 10:21:50
879,5741,2021-09-20 10:21:50,2021-09-20 10:21:50
880,5730,2021-09-20 10:21:50,2021-09-20 10:21:50
881,5761,2021-09-20 10:21:50,2021-09-20 10:21:50
882,5760,2021-09-20 10:21:50,2021-09-20 10:21:50
883,5711,2021-09-20 10:21:50,2021-09-20 10:21:50
884,5710,2021-09-20 10:21:50,2021-09-20 10:21:50
885,5721,2021-09-20 10:21:50,2021-09-20 10:21:50
886,5720,2021-09-20 10:21:50,2021-09-20 10:21:50
887,5670,2021-09-20 10:21:50,2021-09-20 10:21:50
888,5630,2021-09-20 10:21:50,2021-09-20 10:21:50
889,5631,2021-09-20 10:21:50,2021-09-20 10:21:50
890,5600,2021-09-20 10:21:50,2021-09-20 10:21:50
891,5601,2021-09-20 10:21:50,2021-09-20 10:21:50
892,5680,2021-09-20 10:21:50,2021-09-20 10:21:50
893,5660,2021-09-20 10:21:50,2021-09-20 10:21:50
894,5611,2021-09-20 10:21:50,2021-09-20 10:21:50
895,5610,2021-09-20 10:21:50,2021-09-20 10:21:50
896,5650,2021-09-20 10:21:50,2021-09-20 10:21:50
897,5640,2021-09-20 10:21:50,2021-09-20 10:21:50
898,5621,2021-09-20 10:21:50,2021-09-20 10:21:50
899,5620,2021-09-20 10:21:50,2021-09-20 10:21:50
900,5510,2021-09-20 10:21:50,2021-09-20 10:21:50
901,5530,2021-09-20 10:21:50,2021-09-20 10:21:50
902,5502,2021-09-20 10:21:50,2021-09-20 10:21:50
903,5500,2021-09-20 10:21:50,2021-09-20 10:21:50
904,5501,2021-09-20 10:21:50,2021-09-20 10:21:50
905,5541,2021-09-20 10:21:50,2021-09-20 10:21:50
906,5542,2021-09-20 10:21:50,2021-09-20 10:21:50
907,5540,2021-09-20 10:21:50,2021-09-20 10:21:50
908,5520,2021-09-20 10:21:50,2021-09-20 10:21:50
909,5350,2021-09-20 10:21:50,2021-09-20 10:21:50
910,5351,2021-09-20 10:21:50,2021-09-20 10:21:50
911,5341,2021-09-20 10:21:50,2021-09-20 10:21:50
912,5340,2021-09-20 10:21:50,2021-09-20 10:21:50
913,5330,2021-09-20 10:21:50,2021-09-20 10:21:50
914,5320,2021-09-20 10:21:50,2021-09-20 10:21:50
915,5300,2021-09-20 10:21:50,2021-09-20 10:21:50
916,5301,2021-09-20 10:21:50,2021-09-20 10:21:50
917,5310,2021-09-20 10:21:50,2021-09-20 10:21:50
918,5311,2021-09-20 10:21:50,2021-09-20 10:21:50
919,5010,2021-09-20 10:21:50,2021-09-20 10:21:50
920,4050,2021-09-20 10:21:50,2021-09-20 10:21:50
921,5041,2021-09-20 10:21:50,2021-09-20 10:21:50
922,5020,2021-09-20 10:21:50,2021-09-20 10:21:50
923,5000,2021-09-20 10:21:50,2021-09-20 10:21:50
924,5030,2021-09-20 10:21:50,2021-09-20 10:21:50
925,5420,2021-09-20 10:21:50,2021-09-20 10:21:50
926,5431,2021-09-20 10:21:50,2021-09-20 10:21:50
927,5410,2021-09-20 10:21:50,2021-09-20 10:21:50
928,5441,2021-09-20 10:21:50,2021-09-20 10:21:50
929,5440,2021-09-20 10:21:50,2021-09-20 10:21:50
930,5450,2021-09-20 10:21:50,2021-09-20 10:21:50
931,5460,2021-09-20 10:21:50,2021-09-20 10:21:50
932,5470,2021-09-20 10:21:50,2021-09-20 10:21:50
933,5402,2021-09-20 10:21:50,2021-09-20 10:21:50
934,5403,2021-09-20 10:21:50,2021-09-20 10:21:50
935,5404,2021-09-20 10:21:50,2021-09-20 10:21:50
936,5405,2021-09-20 10:21:50,2021-09-20 10:21:50
937,5400,2021-09-20 10:21:50,2021-09-20 10:21:50
938,5401,2021-09-20 10:21:50,2021-09-20 10:21:50
939,5430,2021-09-20 10:21:50,2021-09-20 10:21:50
940,5140,2021-09-20 10:21:50,2021-09-20 10:21:50
941,5141,2021-09-20 10:21:50,2021-09-20 10:21:50
942,5130,2021-09-20 10:21:50,2021-09-20 10:21:50
943,5110,2021-09-20 10:21:50,2021-09-20 10:21:50
944,5470,2021-09-20 10:21:50,2021-09-20 10:21:50
945,5121,2021-09-20 10:21:50,2021-09-20 10:21:50
946,5120,2021-09-20 10:21:50,2021-09-20 10:21:50
947,5103,2021-09-20 10:21:50,2021-09-20 10:21:50
948,5102,2021-09-20 10:21:50,2021-09-20 10:21:50
949,5101,2021-09-20 10:21:50,2021-09-20 10:21:50
950,5100,2021-09-20 10:21:50,2021-09-20 10:21:50
951,,2021-09-20 10:21:50,2021-09-20 10:21:50
952,,2021-09-20 10:21:50,2021-09-20 10:21:50
953,5890,2021-09-20 10:21:50,2021-09-20 10:21:50
954,5892,2021-09-20 10:21:50,2021-09-20 10:21:50
955,5891,2021-09-20 10:21:50,2021-09-20 10:21:50
956,5801,2021-09-20 10:21:50,2021-09-20 10:21:50
957,5800,2021-09-20 10:21:50,2021-09-20 10:21:50
958,5850,2021-09-20 10:21:50,2021-09-20 10:21:50
959,5851,2021-09-20 10:21:50,2021-09-20 10:21:50
960,5880,2021-09-20 10:21:50,2021-09-20 10:21:50
961,5881,2021-09-20 10:21:50,2021-09-20 10:21:50
962,5820,2021-09-20 10:21:50,2021-09-20 10:21:50
963,5821,2021-09-20 10:21:50,2021-09-20 10:21:50
964,5870,2021-09-20 10:21:50,2021-09-20 10:21:50
965,5860,2021-09-20 10:21:50,2021-09-20 10:21:50
966,5831,2021-09-20 10:21:50,2021-09-20 10:21:50
967,5830,2021-09-20 10:21:50,2021-09-20 10:21:50
968,5841,2021-09-20 10:21:50,2021-09-20 10:21:50
969,5842,2021-09-20 10:21:50,2021-09-20 10:21:50
970,5840,2021-09-20 10:21:50,2021-09-20 10:21:50
971,5810,2021-09-20 10:21:50,2021-09-20 10:21:50
972,5826,2021-09-20 10:21:50,2021-09-20 10:21:50
973,6330,2021-09-20 10:21:50,2021-09-20 10:21:50
974,6303,2021-09-20 10:21:50,2021-09-20 10:21:50
975,6300,2021-09-20 10:21:50,2021-09-20 10:21:50
976,6301,2021-09-20 10:21:50,2021-09-20 10:21:50
977,6302,2021-09-20 10:21:50,2021-09-20 10:21:50
978,6311,2021-09-20 10:21:50,2021-09-20 10:21:50
979,6310,2021-09-20 10:21:50,2021-09-20 10:21:50
980,6321,2021-09-20 10:21:50,2021-09-20 10:21:50
981,6320,2021-09-20 10:21:50,2021-09-20 10:21:50
982,6341,2021-09-20 10:21:50,2021-09-20 10:21:50
983,6342,2021-09-20 10:21:50,2021-09-20 10:21:50
984,6340,2021-09-20 10:21:50,2021-09-20 10:21:50
985,5940,2021-09-20 10:21:50,2021-09-20 10:21:50
986,5941,2021-09-20 10:21:50,2021-09-20 10:21:50
987,5942,2021-09-20 10:21:50,2021-09-20 10:21:50
988,5900,2021-09-20 10:21:50,2021-09-20 10:21:50
989,5930,2021-09-20 10:21:50,2021-09-20 10:21:50
990,5920,2021-09-20 10:21:50,2021-09-20 10:21:50
991,5910,2021-09-20 10:21:50,2021-09-20 10:21:50
992,6596,2021-09-20 10:21:50,2021-09-20 10:21:50
993,6597,2021-09-20 10:21:50,2021-09-20 10:21:50
994,6570,2021-09-20 10:21:50,2021-09-20 10:21:50
995,6580,2021-09-20 10:21:50,2021-09-20 10:21:50
996,6530,2021-09-20 10:21:50,2021-09-20 10:21:50
997,6500,2021-09-20 10:21:50,2021-09-20 10:21:50
998,6520,2021-09-20 10:21:50,2021-09-20 10:21:50
999,6550,2021-09-20 10:21:50,2021-09-20 10:21:50
1000,6552,2021-09-20 10:21:50,2021-09-20 10:21:50
1001,6551,2021-09-20 10:21:50,2021-09-20 10:21:50
1002,6540,2021-09-20 10:21:50,2021-09-20 10:21:50
1003,6512,2021-09-20 10:21:50,2021-09-20 10:21:50
1004,6511,2021-09-20 10:21:50,2021-09-20 10:21:50
1005,6510,2021-09-20 10:21:50,2021-09-20 10:21:50
1006,6591,2021-09-20 10:21:50,2021-09-20 10:21:50
1007,6590,2021-09-20 10:21:50,2021-09-20 10:21:50
1008,6561,2021-09-20 10:21:50,2021-09-20 10:21:50
1009,6560,2021-09-20 10:21:50,2021-09-20 10:21:50
1010,6422,2021-09-20 10:21:50,2021-09-20 10:21:50
1011,6420,2021-09-20 10:21:50,2021-09-20 10:21:50
1012,6421,2021-09-20 10:21:50,2021-09-20 10:21:50
1013,6432,2021-09-20 10:21:50,2021-09-20 10:21:50
1014,6431,2021-09-20 10:21:50,2021-09-20 10:21:50
1015,6430,2021-09-20 10:21:50,2021-09-20 10:21:50
1016,6440,2021-09-20 10:21:50,2021-09-20 10:21:50
1017,6410,2021-09-20 10:21:50,2021-09-20 10:21:50
1018,6402,2021-09-20 10:21:50,2021-09-20 10:21:50
1019,6401,2021-09-20 10:21:50,2021-09-20 10:21:50
1020,6403,2021-09-20 10:21:50,2021-09-20 10:21:50
1021,6400,2021-09-20 10:21:50,2021-09-20 10:21:50
1022,6450,2021-09-20 10:21:50,2021-09-20 10:21:50
1023,6650,2021-09-20 10:21:50,2021-09-20 10:21:50
1024,6680,2021-09-20 10:21:50,2021-09-20 10:21:50
1025,6682,2021-09-20 10:21:50,2021-09-20 10:21:50
1026,6681,2021-09-20 10:21:50,2021-09-20 10:21:50
1027,6683,2021-09-20 10:21:50,2021-09-20 10:21:50
1028,6640,2021-09-20 10:21:50,2021-09-20 10:21:50
1029,6630,2021-09-20 10:21:50,2021-09-20 10:21:50
1030,6610,2021-09-20 10:21:50,2021-09-20 10:21:50
1031,6621,2021-09-20 10:21:50,2021-09-20 10:21:50
1032,6620,2021-09-20 10:21:50,2021-09-20 10:21:50
1033,6622,2021-09-20 10:21:50,2021-09-20 10:21:50
1034,6623,2021-09-20 10:21:50,2021-09-20 10:21:50
1035,6602,2021-09-20 10:21:50,2021-09-20 10:21:50
1036,6601,2021-09-20 10:21:50,2021-09-20 10:21:50
1037,6600,2021-09-20 10:21:50,2021-09-20 10:21:50
1038,6670,2021-09-20 10:21:50,2021-09-20 10:21:50
1039,6661,2021-09-20 10:21:50,2021-09-20 10:21:50
1040,6660,2021-09-20 10:21:50,2021-09-20 10:21:50
1041,6281,2021-09-20 10:21:50,2021-09-20 10:21:50
1042,6280,2021-09-20 10:21:50,2021-09-20 10:21:50
1043,6250,2021-09-20 10:21:50,2021-09-20 10:21:50
1044,6251,2021-09-20 10:21:50,2021-09-20 10:21:50
1045,6270,2021-09-20 10:21:50,2021-09-20 10:21:50
1046,6271,2021-09-20 10:21:50,2021-09-20 10:21:50
1047,6240,2021-09-20 10:21:50,2021-09-20 10:21:50
1048,6290,2021-09-20 10:21:50,2021-09-20 10:21:50
1049,6291,2021-09-20 10:21:50,2021-09-20 10:21:50
1050,6220,2021-09-20 10:21:50,2021-09-20 10:21:50
1051,6210,2021-09-20 10:21:50,2021-09-20 10:21:50
1052,6211,2021-09-20 10:21:50,2021-09-20 10:21:50
1053,6212,2021-09-20 10:21:50,2021-09-20 10:21:50
1054,6260,2021-09-20 10:21:50,2021-09-20 10:21:50
1055,6206,2021-09-20 10:21:50,2021-09-20 10:21:50
1056,6100,2021-09-20 10:21:50,2021-09-20 10:21:50
1057,6204,2021-09-20 10:21:50,2021-09-20 10:21:50
1058,6202,2021-09-20 10:21:50,2021-09-20 10:21:50
1059,6201,2021-09-20 10:21:50,2021-09-20 10:21:50
1060,6000,2021-09-20 10:21:50,2021-09-20 10:21:50
1061,6205,2021-09-20 10:21:50,2021-09-20 10:21:50
1062,6203,2021-09-20 10:21:50,2021-09-20 10:21:50
1063,6230,2021-09-20 10:21:50,2021-09-20 10:21:50
1064,6730,2021-09-20 10:21:50,2021-09-20 10:21:50
1065,6740,2021-09-20 10:21:50,2021-09-20 10:21:50
1066,6751,2021-09-20 10:21:50,2021-09-20 10:21:50
1067,6742,2021-09-20 10:21:50,2021-09-20 10:21:50
1068,6741,2021-09-20 10:21:50,2021-09-20 10:21:50
1069,6752,2021-09-20 10:21:50,2021-09-20 10:21:50
1070,6720,2021-09-20 10:21:50,2021-09-20 10:21:50
1071,6721,2021-09-20 10:21:50,2021-09-20 10:21:50
1072,6712,2021-09-20 10:21:50,2021-09-20 10:21:50
1073,6710,2021-09-20 10:21:50,2021-09-20 10:21:50
1074,6711,2021-09-20 10:21:50,2021-09-20 10:21:50
1075,6772,2021-09-20 10:21:50,2021-09-20 10:21:50
1076,6773,2021-09-20 10:21:50,2021-09-20 10:21:50
1077,6771,2021-09-20 10:21:50,2021-09-20 10:21:50
1078,6770,2021-09-20 10:21:50,2021-09-20 10:21:50
1079,6701,2021-09-20 10:21:50,2021-09-20 10:21:50
1080,6702,2021-09-20 10:21:50,2021-09-20 10:21:50
1081,6700,2021-09-20 10:21:50,2021-09-20 10:21:50
1082,6780,2021-09-20 10:21:50,2021-09-20 10:21:50
1083,6762,2021-09-20 10:21:50,2021-09-20 10:21:50
1084,6763,2021-09-20 10:21:50,2021-09-20 10:21:50
1085,6760,2021-09-20 10:21:50,2021-09-20 10:21:50
1086,6761,2021-09-20 10:21:50,2021-09-20 10:21:50
1087,6730,2021-09-20 10:21:50,2021-09-20 10:21:50
1088,,2021-09-20 10:21:50,2021-09-20 10:21:50
1089,,2021-09-20 10:21:50,2021-09-20 10:21:50
1090,8710,2021-09-20 10:21:50,2021-09-20 10:21:50
1091,8730,2021-09-20 10:21:50,2021-09-20 10:21:50
1092,8700,2021-09-20 10:21:50,2021-09-20 10:21:50
1093,8701,2021-09-20 10:21:50,2021-09-20 10:21:50
1094,8740,2021-09-20 10:21:50,2021-09-20 10:21:50
1095,8741,2021-09-20 10:21:50,2021-09-20 10:21:50
1096,8721,2021-09-20 10:21:50,2021-09-20 10:21:50
1097,8720,2021-09-20 10:21:50,2021-09-20 10:21:50
1098,8240,2021-09-20 10:21:50,2021-09-20 10:21:50
1099,8241,2021-09-20 10:21:50,2021-09-20 10:21:50
1100,8242,2021-09-20 10:21:50,2021-09-20 10:21:50
1101,8530,2021-09-20 10:21:50,2021-09-20 10:21:50
1102,8531,2021-09-20 10:21:50,2021-09-20 10:21:50
1103,8210,2021-09-20 10:21:50,2021-09-20 10:21:50
1104,8216,2021-09-20 10:21:50,2021-09-20 10:21:50
1105,8212,2021-09-20 10:21:50,2021-09-20 10:21:50
1106,8213,2021-09-20 10:21:50,2021-09-20 10:21:50
1107,8215,2021-09-20 10:21:50,2021-09-20 10:21:50
1108,8211,2021-09-20 10:21:50,2021-09-20 10:21:50
1109,8214,2021-09-20 10:21:50,2021-09-20 10:21:50
1110,8260,2021-09-20 10:21:50,2021-09-20 10:21:50
1111,8261,2021-09-20 10:21:50,2021-09-20 10:21:50
1112,8200,2021-09-20 10:21:50,2021-09-20 10:21:50
1113,8200,2021-09-20 10:21:50,2021-09-20 10:21:50
1114,8201,2021-09-20 10:21:50,2021-09-20 10:21:50
1115,8206,2021-09-20 10:21:50,2021-09-20 10:21:50
1116,8205,2021-09-20 10:21:50,2021-09-20 10:21:50
1117,8204,2021-09-20 10:21:50,2021-09-20 10:21:50
1118,8202,2021-09-20 10:21:50,2021-09-20 10:21:50
1119,8203,2021-09-20 10:21:50,2021-09-20 10:21:50
1120,8233,2021-09-20 10:21:50,2021-09-20 10:21:50
1121,8230,2021-09-20 10:21:50,2021-09-20 10:21:50
1122,8232,2021-09-20 10:21:50,2021-09-20 10:21:50
1123,8231,2021-09-20 10:21:50,2021-09-20 10:21:50
1124,8274,2021-09-20 10:21:50,2021-09-20 10:21:50
1125,8271,2021-09-20 10:21:50,2021-09-20 10:21:50
1126,8270,2021-09-20 10:21:50,2021-09-20 10:21:50
1127,8273,2021-09-20 10:21:50,2021-09-20 10:21:50
1128,8272,2021-09-20 10:21:50,2021-09-20 10:21:50
1129,8252,2021-09-20 10:21:50,2021-09-20 10:21:50
1130,8251,2021-09-20 10:21:50,2021-09-20 10:21:50
1131,8250,2021-09-20 10:21:50,2021-09-20 10:21:50
1132,8281,2021-09-20 10:21:50,2021-09-20 10:21:50
1133,8284,2021-09-20 10:21:50,2021-09-20 10:21:50
1134,8282,2021-09-20 10:21:50,2021-09-20 10:21:50
1135,8280,2021-09-20 10:21:50,2021-09-20 10:21:50
1136,8283,2021-09-20 10:21:50,2021-09-20 10:21:50
1137,8223,2021-09-20 10:21:50,2021-09-20 10:21:50
1138,8221,2021-09-20 10:21:50,2021-09-20 10:21:50
1139,8222,2021-09-20 10:21:50,2021-09-20 10:21:50
1140,8224,2021-09-20 10:21:50,2021-09-20 10:21:50
1141,8220,2021-09-20 10:21:50,2021-09-20 10:21:50
1142,8300,2021-09-20 10:21:50,2021-09-20 10:21:50
1143,8301,2021-09-20 10:21:50,2021-09-20 10:21:50
1144,8320,2021-09-20 10:21:50,2021-09-20 10:21:50
1145,8321,2021-09-20 10:21:50,2021-09-20 10:21:50
1146,8340,2021-09-20 10:21:50,2021-09-20 10:21:50
1147,8341,2021-09-20 10:21:50,2021-09-20 10:21:50
1148,8342,2021-09-20 10:21:50,2021-09-20 10:21:50
1149,8310,2021-09-20 10:21:50,2021-09-20 10:21:50
1150,8311,2021-09-20 10:21:50,2021-09-20 10:21:50
1151,8360,2021-09-20 10:21:50,2021-09-20 10:21:50
1152,8350,2021-09-20 10:21:50,2021-09-20 10:21:50
1153,8331,2021-09-20 10:21:50,2021-09-20 10:21:50
1154,8332,2021-09-20 10:21:50,2021-09-20 10:21:50
1155,8330,2021-09-20 10:21:50,2021-09-20 10:21:50
1156,8402,2021-09-20 10:21:50,2021-09-20 10:21:50
1157,8403,2021-09-20 10:21:50,2021-09-20 10:21:50
1158,8400,2021-09-20 10:21:50,2021-09-20 10:21:50
1159,8401,2021-09-20 10:21:50,2021-09-20 10:21:50
1160,8404,2021-09-20 10:21:50,2021-09-20 10:21:50
1161,8431,2021-09-20 10:21:50,2021-09-20 10:21:50
1162,8430,2021-09-20 10:21:50,2021-09-20 10:21:50
1163,8432,2021-09-20 10:21:50,2021-09-20 10:21:50
1164,8433,2021-09-20 10:21:50,2021-09-20 10:21:50
1165,8421,2021-09-20 10:21:50,2021-09-20 10:21:50
1166,8420,2021-09-20 10:21:50,2021-09-20 10:21:50
1167,8410,2021-09-20 10:21:50,2021-09-20 10:21:50
1168,8621,2021-09-20 10:21:50,2021-09-20 10:21:50
1169,8620,2021-09-20 10:21:50,2021-09-20 10:21:50
1170,8622,2021-09-20 10:21:50,2021-09-20 10:21:50
1171,8624,2021-09-20 10:21:50,2021-09-20 10:21:50
1172,8623,2021-09-20 10:21:50,2021-09-20 10:21:50
1173,8630,2021-09-20 10:21:50,2021-09-20 10:21:50
1174,8640,2021-09-20 10:21:50,2021-09-20 10:21:50
1175,8641,2021-09-20 10:21:50,2021-09-20 10:21:50
1176,8650,2021-09-20 10:21:50,2021-09-20 10:21:50
1177,8651,2021-09-20 10:21:50,2021-09-20 10:21:50
1178,8602,2021-09-20 10:21:50,2021-09-20 10:21:50
1179,8601,2021-09-20 10:21:50,2021-09-20 10:21:50
1180,8600,2021-09-20 10:21:50,2021-09-20 10:21:50
1181,8603,2021-09-20 10:21:50,2021-09-20 10:21:50
1182,8610,2021-09-20 10:21:50,2021-09-20 10:21:50
1183,8550,2021-09-20 10:21:50,2021-09-20 10:21:50
1184,8552,2021-09-20 10:21:50,2021-09-20 10:21:50
1185,8551,2021-09-20 10:21:50,2021-09-20 10:21:50
1186,8513,2021-09-20 10:21:50,2021-09-20 10:21:50
1187,8512,2021-09-20 10:21:50,2021-09-20 10:21:50
1188,8510,2021-09-20 10:21:50,2021-09-20 10:21:50
1189,8511,2021-09-20 10:21:50,2021-09-20 10:21:50
1190,8565,2021-09-20 10:21:50,2021-09-20 10:21:50
1191,8563,2021-09-20 10:21:50,2021-09-20 10:21:50
1192,8562,2021-09-20 10:21:50,2021-09-20 10:21:50
1193,8560,2021-09-20 10:21:50,2021-09-20 10:21:50
1194,8566,2021-09-20 10:21:50,2021-09-20 10:21:50
1195,8564,2021-09-20 10:21:50,2021-09-20 10:21:50
1196,8561,2021-09-20 10:21:50,2021-09-20 10:21:50
1197,8540,2021-09-20 10:21:50,2021-09-20 10:21:50
1198,8541,2021-09-20 10:21:50,2021-09-20 10:21:50
1199,8501,2021-09-20 10:21:50,2021-09-20 10:21:50
1200,8502,2021-09-20 10:21:50,2021-09-20 10:21:50
1201,8500,2021-09-20 10:21:50,2021-09-20 10:21:50
1202,8521,2021-09-20 10:21:50,2021-09-20 10:21:50
1203,8523,2021-09-20 10:21:50,2021-09-20 10:21:50
1204,8522,2021-09-20 10:21:50,2021-09-20 10:21:50
1205,8520,2021-09-20 10:21:50,2021-09-20 10:21:50
1206,,2021-09-20 10:21:50,2021-09-20 10:21:50
1207,,2021-09-20 10:21:50,2021-09-20 10:21:50
1208,9300,2021-09-20 10:21:50,2021-09-20 10:21:50
1209,9301,2021-09-20 10:21:50,2021-09-20 10:21:50
1210,9302,2021-09-20 10:21:50,2021-09-20 10:21:50
1211,9350,2021-09-20 10:21:50,2021-09-20 10:21:50
1212,9351,2021-09-20 10:21:50,2021-09-20 10:21:50
1213,9361,2021-09-20 10:21:50,2021-09-20 10:21:50
1214,9360,2021-09-20 10:21:50,2021-09-20 10:21:50
1215,9372,2021-09-20 10:21:50,2021-09-20 10:21:50
1216,9370,2021-09-20 10:21:50,2021-09-20 10:21:50
1217,9371,2021-09-20 10:21:50,2021-09-20 10:21:50
1218,9310,2021-09-20 10:21:50,2021-09-20 10:21:50
1219,9311,2021-09-20 10:21:50,2021-09-20 10:21:50
1220,9383,2021-09-20 10:21:50,2021-09-20 10:21:50
1221,9382,2021-09-20 10:21:50,2021-09-20 10:21:50
1222,9381,2021-09-20 10:21:50,2021-09-20 10:21:50
1223,9380,2021-09-20 10:21:50,2021-09-20 10:21:50
1224,9384,2021-09-20 10:21:50,2021-09-20 10:21:50
1225,9385,2021-09-20 10:21:50,2021-09-20 10:21:50
1226,9320,2021-09-20 10:21:50,2021-09-20 10:21:50
1227,9321,2021-09-20 10:21:50,2021-09-20 10:21:50
1228,9322,2021-09-20 10:21:50,2021-09-20 10:21:50
1229,9341,2021-09-20 10:21:50,2021-09-20 10:21:50
1230,9343,2021-09-20 10:21:50,2021-09-20 10:21:50
1231,9340,2021-09-20 10:21:50,2021-09-20 10:21:50
1232,9342,2021-09-20 10:21:50,2021-09-20 10:21:50
1233,9330,2021-09-20 10:21:50,2021-09-20 10:21:50
1234,7210,2021-09-20 10:21:50,2021-09-20 10:21:50
1235,7211,2021-09-20 10:21:50,2021-09-20 10:21:50
1236,7200,2021-09-20 10:21:50,2021-09-20 10:21:50
1237,7201,2021-09-20 10:21:50,2021-09-20 10:21:50
1238,7222,2021-09-20 10:21:50,2021-09-20 10:21:50
1239,7220,2021-09-20 10:21:50,2021-09-20 10:21:50
1240,7221,2021-09-20 10:21:50,2021-09-20 10:21:50
1241,7230,2021-09-20 10:21:50,2021-09-20 10:21:50
1242,7470,2021-09-20 10:21:50,2021-09-20 10:21:50
1243,7471,2021-09-20 10:21:50,2021-09-20 10:21:50
1244,7410,2021-09-20 10:21:50,2021-09-20 10:21:50
1245,7406,2021-09-20 10:21:50,2021-09-20 10:21:50
1246,7402,2021-09-20 10:21:50,2021-09-20 10:21:50
1247,7407,2021-09-20 10:21:50,2021-09-20 10:21:50
1248,7404,2021-09-20 10:21:50,2021-09-20 10:21:50
1249,7403,2021-09-20 10:21:50,2021-09-20 10:21:50
1250,7400,2021-09-20 10:21:50,2021-09-20 10:21:50
1251,7401,2021-09-20 10:21:50,2021-09-20 10:21:50
1252,7405,2021-09-20 10:21:50,2021-09-20 10:21:50
1253,7420,2021-09-20 10:21:50,2021-09-20 10:21:50
1254,7450,2021-09-20 10:21:50,2021-09-20 10:21:50
1255,7440,2021-09-20 10:21:50,2021-09-20 10:21:50
1256,7462,2021-09-20 10:21:50,2021-09-20 10:21:50
1257,7460,2021-09-20 10:21:50,2021-09-20 10:21:50
1258,7461,2021-09-20 10:21:50,2021-09-20 10:21:50
1259,7433,2021-09-20 10:21:50,2021-09-20 10:21:50
1260,7431,2021-09-20 10:21:50,2021-09-20 10:21:50
1261,7432,2021-09-20 10:21:50,2021-09-20 10:21:50
1262,7430,2021-09-20 10:21:50,2021-09-20 10:21:50
1263,7310,2021-09-20 10:21:50,2021-09-20 10:21:50
1264,7301,2021-09-20 10:21:50,2021-09-20 10:21:50
1265,7300,2021-09-20 10:21:50,2021-09-20 10:21:50
1266,7330,2021-09-20 10:21:50,2021-09-20 10:21:50
1267,7340,2021-09-20 10:21:50,2021-09-20 10:21:50
1268,7351,2021-09-20 10:21:50,2021-09-20 10:21:50
1269,7350,2021-09-20 10:21:50,2021-09-20 10:21:50
1270,7321,2021-09-20 10:21:50,2021-09-20 10:21:50
1271,7320,2021-09-20 10:21:50,2021-09-20 10:21:50
1272,9240,2021-09-20 10:21:50,2021-09-20 10:21:50
1273,9242,2021-09-20 10:21:50,2021-09-20 10:21:50
1274,9241,2021-09-20 10:21:50,2021-09-20 10:21:50
1275,9260,2021-09-20 10:21:50,2021-09-20 10:21:50
1276,9261,2021-09-20 10:21:50,2021-09-20 10:21:50
1277,9272,2021-09-20 10:21:50,2021-09-20 10:21:50
1278,9270,2021-09-20 10:21:50,2021-09-20 10:21:50
1279,9271,2021-09-20 10:21:50,2021-09-20 10:21:50
1280,9273,2021-09-20 10:21:50,2021-09-20 10:21:50
1281,9221,2021-09-20 10:21:50,2021-09-20 10:21:50
1282,9220,2021-09-20 10:21:50,2021-09-20 10:21:50
1283,9224,2021-09-20 10:21:50,2021-09-20 10:21:50
1284,9223,2021-09-20 10:21:50,2021-09-20 10:21:50
1285,9222,2021-09-20 10:21:50,2021-09-20 10:21:50
1286,9207,2021-09-20 10:21:50,2021-09-20 10:21:50
1287,9203,2021-09-20 10:21:50,2021-09-20 10:21:50
1288,9202,2021-09-20 10:21:50,2021-09-20 10:21:50
1289,9205,2021-09-20 10:21:50,2021-09-20 10:21:50
1290,9100,2021-09-20 10:21:50,2021-09-20 10:21:50
1291,9000,2021-09-20 10:21:50,2021-09-20 10:21:50
1292,9201,2021-09-20 10:21:50,2021-09-20 10:21:50
1293,9208,2021-09-20 10:21:50,2021-09-20 10:21:50
1294,9204,2021-09-20 10:21:50,2021-09-20 10:21:50
1295,9206,2021-09-20 10:21:50,2021-09-20 10:21:50
1296,9291,2021-09-20 10:21:50,2021-09-20 10:21:50
1297,9290,2021-09-20 10:21:50,2021-09-20 10:21:50
1298,9284,2021-09-20 10:21:50,2021-09-20 10:21:50
1299,9285,2021-09-20 10:21:50,2021-09-20 10:21:50
1300,9281,2021-09-20 10:21:50,2021-09-20 10:21:50
1301,9282,2021-09-20 10:21:50,2021-09-20 10:21:50
1302,9283,2021-09-20 10:21:50,2021-09-20 10:21:50
1303,9280,2021-09-20 10:21:50,2021-09-20 10:21:50
1304,9210,2021-09-20 10:21:50,2021-09-20 10:21:50
1305,9252,2021-09-20 10:21:50,2021-09-20 10:21:50
1306,9251,2021-09-20 10:21:50,2021-09-20 10:21:50
1307,9250,2021-09-20 10:21:50,2021-09-20 10:21:50
1308,9253,2021-09-20 10:21:50,2021-09-20 10:21:50
1309,9231,2021-09-20 10:21:50,2021-09-20 10:21:50
1310,9230,2021-09-20 10:21:50,2021-09-20 10:21:50
1311,7042,2021-09-20 10:21:50,2021-09-20 10:21:50
1312,7040,2021-09-20 10:21:50,2021-09-20 10:21:50
1313,7041,2021-09-20 10:21:50,2021-09-20 10:21:50
1314,7020,2021-09-20 10:21:50,2021-09-20 10:21:50
1315,7021,2021-09-20 10:21:50,2021-09-20 10:21:50
1316,7010,2021-09-20 10:21:50,2021-09-20 10:21:50
1317,7011,2021-09-20 10:21:50,2021-09-20 10:21:50
1318,7003,2021-09-20 10:21:50,2021-09-20 10:21:50
1319,7002,2021-09-20 10:21:50,2021-09-20 10:21:50
1320,7001,2021-09-20 10:21:50,2021-09-20 10:21:50
1321,7000,2021-09-20 10:21:50,2021-09-20 10:21:50
1322,7032,2021-09-20 10:21:50,2021-09-20 10:21:50
1323,7030,2021-09-20 10:21:50,2021-09-20 10:21:50
1324,7031,2021-09-20 10:21:50,2021-09-20 10:21:50
1325,7052,2021-09-20 10:21:50,2021-09-20 10:21:50
1326,7050,2021-09-20 10:21:50,2021-09-20 10:21:50
1327,7051,2021-09-20 10:21:50,2021-09-20 10:21:50
1328,7620,2021-09-20 10:21:50,2021-09-20 10:21:50
1329,7600,2021-09-20 10:21:50,2021-09-20 10:21:50
1330,7631,2021-09-20 10:21:50,2021-09-20 10:21:50
1331,7630,2021-09-20 10:21:50,2021-09-20 10:21:50
1332,7632,2021-09-20 10:21:50,2021-09-20 10:21:50
1333,7611,2021-09-20 10:21:50,2021-09-20 10:21:50
1334,7612,2021-09-20 10:21:50,2021-09-20 10:21:50
1335,7610,2021-09-20 10:21:50,2021-09-20 10:21:50
1336,7110,2021-09-20 10:21:50,2021-09-20 10:21:50
1337,7101,2021-09-20 10:21:50,2021-09-20 10:21:50
1338,7152,2021-09-20 10:21:50,2021-09-20 10:21:50
1339,7100,2021-09-20 10:21:50,2021-09-20 10:21:50
1340,7102,2021-09-20 10:21:50,2021-09-20 10:21:50
1341,7520,2021-09-20 10:21:50,2021-09-20 10:21:50
1342,7514,2021-09-20 10:21:50,2021-09-20 10:21:50
1343,7512,2021-09-20 10:21:50,2021-09-20 10:21:50
1344,7510,2021-09-20 10:21:50,2021-09-20 10:21:50
1345,7511,2021-09-20 10:21:50,2021-09-20 10:21:50
1346,7513,2021-09-20 10:21:50,2021-09-20 10:21:50
1347,7521,2021-09-20 10:21:50,2021-09-20 10:21:50
1348,7500,2021-09-20 10:21:50,2021-09-20 10:21:50
1349,7501,2021-09-20 10:21:50,2021-09-20 10:21:50
1350,9460,2021-09-20 10:21:50,2021-09-20 10:21:50
1351,9461,2021-09-20 10:21:50,2021-09-20 10:21:50
1352,9430,2021-09-20 10:21:50,2021-09-20 10:21:50
1353,9431,2021-09-20 10:21:50,2021-09-20 10:21:50
1354,9415,2021-09-20 10:21:50,2021-09-20 10:21:50
1355,9413,2021-09-20 10:21:50,2021-09-20 10:21:50
1356,9412,2021-09-20 10:21:50,2021-09-20 10:21:50
1357,9410,2021-09-20 10:21:50,2021-09-20 10:21:50
1358,9414,2021-09-20 10:21:50,2021-09-20 10:21:50
1359,9410,2021-09-20 10:21:50,2021-09-20 10:21:50
1360,9440,2021-09-20 10:21:50,2021-09-20 10:21:50
1361,9441,2021-09-20 10:21:50,2021-09-20 10:21:50
1362,9442,2021-09-20 10:21:50,2021-09-20 10:21:50
1363,9453,2021-09-20 10:21:50,2021-09-20 10:21:50
1364,9454,2021-09-20 10:21:50,2021-09-20 10:21:50
1365,9455,2021-09-20 10:21:50,2021-09-20 10:21:50
1366,9450,2021-09-20 10:21:50,2021-09-20 10:21:50
1367,9452,2021-09-20 10:21:50,2021-09-20 10:21:50
1368,9451,2021-09-20 10:21:50,2021-09-20 10:21:50
1369,9403,2021-09-20 10:21:50,2021-09-20 10:21:50
1370,9402,2021-09-20 10:21:50,2021-09-20 10:21:50
1371,9401,2021-09-20 10:21:50,2021-09-20 10:21:50
1372,9400,2021-09-20 10:21:50,2021-09-20 10:21:50
1373,9421,2021-09-20 10:21:50,2021-09-20 10:21:50
1374,9420,2021-09-20 10:21:50,2021-09-20 10:21:50
,,,
,,,
,,,
,,,
,,,
,,,
,,,
,,,
,,,
,,,
,,,
,,,
,,,
,,,
,,,
,,,
,,,
,,,
,,,
,,,
,,,
,,,
,,,
,,,
,,,
,,,
,,,
,,,
,,,
,,,
,,,
,,,
,,,
,,,
,,,
,,,
,,,
,,,
,,,
,,,
,,,
,,,
,,,
,,,
,,,
,,,
,,,
,,,
,,,
,,,
,,,
,,,
,,,
,,,
,,,
,,,
,,,
,,,
,,,
,,,
,,,
,,,
,,,
,,,
,,,
,,,
,,,
,,,
,,,
,,,
,,,
,,,
,,,
,,,
,,,
,,,
,,,
,,,
,,,
,,,
,,,
,,,
,,,
,,,
,,,
,,,
,,,
,,,
,,,
,,,
,,,
,,,
,,,
,,,
,,,
,,,
,,,
,,,
,,,
,,,
,,,
,,,
,,,
,,,
,,,
,,,
,,,
,,,
,,,
,,,
,,,
,,,
,,,
,,,
,,,
,,,
,,,
,,,
,,,
,,,
,,,
,,,
,,,
,,,
,,,
,,,
,,,
,,,
,,,
,,,
,,,
,,,
,,,
,,,
,,,
,,,
,,,
,,,
,,,
,,,
,,,
,,,
,,,
,,,
,,,
,,,
,,,
,,,
,,,
,,,
,,,
,,,
,,,
,,,
,,,
,,,
,,,
,,,
,,,
,,,
,,,
,,,
,,,
,,,
,,,
,,,
,,,
,,,
,,,
,,,
,,,
,,,
,,,
,,,
,,,
,,,
,,,
,,,
,,,
,,,
,,,
,,,
,,,
,,,
,,,
,,,
,,,
,,,
,,,
,,,
,,,
,,,
,,,
,,,
,,,
,,,
,,,
,,,
,,,
,,,
,,,
,,,
,,,
,,,
,,,
,,,
,,,
,,,
,,,
,,,
,,,
,,,
,,,
,,,
,,,
,,,
,,,
,,,
,,,
,,,
,,,
,,,
,,,
,,,
,,,
,,,
,,,
,,,
,,,
,,,
,,,
,,,
,,,
,,,
,,,
,,,
,,,
,,,
,,,
,,,
,,,
,,,
,,,
,,,
,,,
,,,
,,,
,,,
,,,
,,,
,,,
,,,
,,,
,,,
,,,
,,,
,,,
,,,
,,,
,,,
,,,
,,,
,,,
,,,
,,,
,,,
,,,
,,,
,,,
,,,
,,,
,,,
,,,
,,,
,,,
,,,
,,,
,,,
,,,
,,,
,,,
,,,
,,,
,,,
,,,
,,,
,,,
,,,
,,,
,,,
,,,
,,,
,,,
,,,
,,,
,,,
,,,
,,,
,,,
,,,
,,,
,,,
,,,
,,,
,,,
,,,
,,,
,,,
,,,
,,,
,,,
,,,
,,,
,,,
,,,
,,,
,,,
,,,
,,,
,,,
,,,
,,,
,,,
,,,
,,,
,,,
,,,
,,,
,,,
,,,
,,,
,,,
,,,
,,,
,,,
,,,
,,,
,,,
,,,
,,,
,,,
,,,
,,,
,,,
,,,
,,,
,,,
,,,
,,,
,,,
,,,
,,,
,,,
,,,
,,,
,,,
,,,
,,,
,,,
,,,
,,,
,,,
,,,
,,,
,,,
,,,
,,,
,,,
,,,
,,,
,,,
,,,
,,,
,,,
,,,
,,,
,,,
,,,
,,,
,,,
,,,
,,,
,,,
,,,
,,,
,,,
,,,
,,,
,,,
